committee name,Name,Status,Type,FPPCID,PENID,MailingLine1,MailingLine2,MailingCity,MailingState,MailingZip,DisclosureLine1,DisclosureLine2,DisclosureCity,DisclosureState,DisclosurePostalCode,TreasurerFirst,TreasurerLast,TreasurerPrefix,Asst Treasurer First,Asst Treasurer Last,Asst Treasurer Prefix,Cont Cand First,Cont Cand Last,Cont Cand Prefix
12th A.D. Democratic Club,12th A.D. Democratic Club,TERMINATED,General Purpose,1250153,,38 Homestead Street,,San Francisco,CA,94114,38 Homestead Street,,San Francisco,CA,94114,Ronald,Jin,,,,,,,
12th A.D. Democratic Committee,12th A.D. Democratic Committee,TERMINATED,General Purpose,1283260,,38 Homestead Street,,San Francisco,CA,94114,38 Homestead Street,,San Francisco,CA,94114,Ronald,Jin,,,,,,,
12th Assembly District Chinese American Democratic Club,12th Assembly District Chinese American Democratic Club,TERMINATED,General Purpose,1249382,,38 Homestead Street,,San Francisco,CA,94114,38 Homestead Street,,San Francisco,CA,94114,Ronald,Jin,,,,,,,
"A Better California, sponsored by Montgomery Advisors (Support Herrera for City Attorney 2009)","A Better California, sponsored by Montgomery Advisors (Support Herrera for City Attorney 2009)",TERMINATED,Primarily Formed Candidate,1257293,,"555 Capitol Mall, Suite 1425",,Sacramento,CA,95814,"1020 12th Street, Suite 408",,Sacramento,CA,95814,Paul,Kinney,,,,,,,
"A New San Francisco Majority in Support of the Democratic County Central Committee 2012 of JOHN AVALOS, KAT ANDERSON, DAVID CAMPOS, DAVID CHIU,...[see Attachment A for full list of candidates]","A New San Francisco Majority in Support of the Democratic County Central Committee 2012 of JOHN AVALOS, KAT ANDERSON, DAVID CAMPOS, DAVID CHIU,...[see Attachment A for full list of candidates]",NR,Primarily Formed Candidate,1347298,,2428 Bayshore Blvd. #110,,San Francisco,CA,94134,2428 Bayshore Blvd. #110,,San Francisco,CA,94134,Nelson,Ly,,,,,,,
"ADVENT SOFTWARE, INC.","ADVENT SOFTWARE, INC.",ANNUAL,Major Donor,Pending,,600 Townsend Street,,San Francisco,CA,94103,600 Townsend Street,,San Francisco,CA,94103,,,,,,,,,
"Advent Software, Inc.",,,,,,,,,,,,,,,,,,,,,,,,
African American Democratic Club,African American Democratic Club,NR,General Purpose,981476,,P.O. Box 884692,,San Francisco,CA,94188,1551 Fillmore Street,,San Francisco,CA,94115,Alpha,Buie,,,,,,,
AIRBNB,AIRBNB,ANNUAL,Major Donor,Pending,,"99 Rhode Island, 2nd Floor",,San Francisco,CA,94103,"99 Rhode Island, 2nd Floor",,San Francisco,CA,94103,Kevin,Heneghan,,,,,,,
ALAN MARK,,,,,,,,,,,,,,,,,,,,,,,,
Alastair Mactaggart,Alastair Mactaggart,ANNUAL,Major Donor,Pending,,"532 Folsom Street, #400",,San Francisco,CA,94105,"532 Folsom Street, #400",,San Francisco,CA,94105,,,,,,,,,
Alex Gersznowicz,Alex Gersznowicz,ANNUAL,Major Donor,Pending,,9 Jade Place,,San Francisco,CA,94131,9 Jade Place,,San Francisco,CA,94131,,,,,,,,,
Alice B. Toklas Lesbian & Gay Democratic Club PAC,,,,,,,,,,,,,,,,,,,,,,,,
Alice B. Toklas Lesbian and Gay Democratic Club PAC,Alice B. Toklas Lesbian and Gay Democratic Club PAC,ACTIVE,General Purpose,842018,,"547 Page Street, #2",,San Francisco,CA,94117,"547 Page Street, #2",,San Francisco,CA,94117,Juan,Cerda,,Reese,Isbell,,,,
"ALLIANCE FOR JOBS AND SUSTAINABLE GROWTH, A COALITION OF LABOR AND BUSINESS ASSOCIATIONS SUPPORTING THERESA SPARKS FOR SUPERVISOR 2010",,,,,,,,,,,,,,,,,,,,,,,,
"ALLIANCE FOR JOBS AND SUSTAINABLE GROWTH, A COALITION OF LABOR UNIONS AND BUSINESS ASSOCIATIONS SUPPORTING SCOTT WIENER FOR SUPERVISOR 2010",,,,,,,,,,,,,,,,,,,,,,,,
"ALLIANCE FOR JOBS AND SUSTAINABLE GROWTH, A COALITION OF LABOR UNIONS AND BUSINESS ASSOCIATIONS SUPPORTING STEVE MOSS FOR SUPERVISOR 2010",,,,,,,,,,,,,,,,,,,,,,,,
ANGELIQUE GRIEPP,,,,,,,,,,,,,,,,,,,,,,,,
Anti-Defamation League,Anti-Defamation League,ANNUAL,Major Donor,Pending,,605 3rd Avenue,,New York,NY,10158,605 3rd Avenue,,New York,NY,10158,Steven,Sheinberg,,,,,,,
Arjun Gupta,Arjun Gupta,ANNUAL,Major Donor,Pending,,"c/o Telesoft Partners 950 Tower Lane, Suite 1600",,San Mateo,CA,94404,"c/o Telesoft Partners 950 Tower Lane, Suite 1600",,San Mateo,CA,94404,,,,,,,,,
Arthur C. Patterson,Arthur C. Patterson,ANNUAL,Major Donor,1232857,,428 University Avenue,,Palo Alto,CA,94301,428 University Avenue,,Palo Alto,CA,94301,,,,,,,,,
ARTHUR KERN,,,,,,,,,,,,,,,,,,,,,,,,
Asian American Community Voice,Asian American Community Voice,TERMINATED,General Purpose,1260171,,"334 Kearny Street, #300",,San Francisco,CA,94108,"334 Kearny Street, #300",,San Francisco,CA,94108,Stephen,Loo,,,,,,,
Asian American Contractors Association (AACA) PAC,Asian American Contractors Association (AACA) PAC,TERMINATED,General Purpose,1312617,,1649 Jerrold Avenue,,San Francisco,CA,94124,1649 Jerrold Avenue,,San Francisco,CA,94124,Yum,Jung,,,,,,,
Asian Pacific Democratic Club PAC,,,,,,,,,,,,,,,,,,,,,,,,
Asian Pacific Democratic Club Political Action Committee,Asian Pacific Democratic Club Political Action Committee,ACTIVE,General Purpose,931558,,"20 Galli Drive, Suite A",,San Francisco,CA,94949,320 San Leandro Way,,San Francisco,CA,94127,Mary,Jung,,Nancy,Warren,,,,
"AUTODESK, INC.",,,,,,,,,,,,,,,,,,,,,,,,
Avalos for Mayor 2011,Avalos for Mayor 2011,ACTIVE,Candidate or Officeholder,1338378,,542 Munich Street,,San Francisco,CA,94112,542 Munich Street,,San Francisco,CA,94112,John,Avalos,,,,,John,Avalos,
Bank of America,Bank of America,ANNUAL,Major Donor,478084,PEN945,401 N Tryon Street,,Charlotte,NC,28255,401 N Tryon Street,,Charlotte,NC,28255,,,,,,,,,
BAY AREA COUNCIL FOUNDATION,BAY AREA COUNCIL FOUNDATION,ANNUAL,Major Donor,Pending,,"201 CALIFORNIA STREET, SUITE 1450",,SAN FRANCISCO,CA,94111,"201 CALIFORNIA STREET, SUITE 1450",,SAN FRANCISCO,CA,94111,Kevin,Heneghan,,,,,,,
BAY AREA FIREFIGHTERS PAC FUND OPPOSING MARK FARRELL FOR SUPERVISOR 2010,BAY AREA FIREFIGHTERS PAC FUND OPPOSING MARK FARRELL FOR SUPERVISOR 2010,TERMINATED,Primarily Formed Candidate,1332793,,"150 Post Street, Suite 405",,San Francisco,CA,94108,"150 Post Street, Suite 405",,San Francisco,CA,94108,John,Hanley,,Kevin,Heneghan,,,,
"Bayview Committee for Affordable Housing, A Committee Formed to Support Measure F","Bayview Committee for Affordable Housing, A Committee Formed to Support Measure F",TERMINATED,Primarily Formed Measure,1303906,PEN1451,4909 Third Street,,San Francisco,CA,94124,4909 Third Street,,San Francisco,CA,94124,Doug,Comstock,,,,,,,
Bernal Heights Democratic Club,Bernal Heights Democratic Club,ACTIVE,General Purpose,923351,,543 Prentiss,,San Francisco,CA,94110,543 Prentiss,,San Francisco,CA,94110,Geoffrey,Bauman,,,,,,,
BOSTON PROPERTIES & AFFILIATED ENTITIES,,,,,,,,,,,,,,,,,,,,,,,,
BRIDGE Housing Corporation,,,,,,,,,,,,,,,,,,,,,,,,
BUILDING OWNERS AND MANAGERS ASSOCIATION (BOMA) INTERNATIONAL,,,,,,,,,,,,,,,,,,,,,,,,
BUILDING OWNERS AND MANAGERS ASSOCIATION OF SAN FRANCISCO POLITICAL ACTION COMMITTEE - BALLOT ISSUES (AKA BOMA-SF-PAC-BALLOT ISSUES),BUILDING OWNERS AND MANAGERS ASSOCIATION OF SAN FRANCISCO POLITICAL ACTION COMMITTEE - BALLOT ISSUES (AKA BOMA-SF-PAC-BALLOT ISSUES),ACTIVE,General Purpose,970432,,"150 Post Street, Suite 405",,San Francisco,CA,94108,"233 Sansome Street, 8th Floor",,San Francisco,CA,94104,Nancy,Gille,,James,Sutton,,,,
BUILDING OWNERS AND MANAGERS ASSOCIATION OF SAN FRANCISCO POLITICAL ACTION COMMITTEE - INDEPENDENT EXPENDITURES AKA BOMA-SF-PAC-IE,BUILDING OWNERS AND MANAGERS ASSOCIATION OF SAN FRANCISCO POLITICAL ACTION COMMITTEE - INDEPENDENT EXPENDITURES AKA BOMA-SF-PAC-IE,ACTIVE,General Purpose,870449,,"150 Post Street, 405",,San Francisco,CA,94108,"233 Sansome Street, 8th Floor",,San Francisco,CA,94104,Nancy,Gille,,James,Sutton,,,,
BUILDING OWNERS AND MANAGERS ASSOCIATION OF SAN FRANCISCO POLITICAL ACTION COMMITTEE CANDIDATES (AKA BOMA-SF-PAC-CANDIDATE),BUILDING OWNERS AND MANAGERS ASSOCIATION OF SAN FRANCISCO POLITICAL ACTION COMMITTEE CANDIDATES (AKA BOMA-SF-PAC-CANDIDATE),NONSF,General Purpose,990279,,"150 Post Street, Suite 405",,San Francisco,CA,94108,"233 Sansome Street, 8th Floor",,San Francisco,CA,94104,Kathy,Mattes,,James,Sutton,,,,
"Campaign for a Fair Economy and Higher Wages, sponsored by community and labor organizations",,,,,,,,,,,,,,,,,,,,,,,,
CARL E. SCHIERMEYER,,,,,,,,,,,,,,,,,,,,,,,,
"CDM SMITH, INC.","CDM SMITH, INC.",ANNUAL,Major Donor,Pending,,50 HAMPSHIRE STREET,,CAMBRIDGE,MA,2139,50 HAMPSHIRE STREET,,CAMBRIDGE,MA,2139,Kevin,Heneghan,,,,,,,
Cecile Mactaggart,Cecile Mactaggart,ANNUAL,Major Donor,Pending,,"781 Fifth Avenue, Apt. 304-310",,New York,NY,10022,"781 Fifth Avenue, Apt. 304-310",,New York,NY,10022,,,,,,,,,
"CFRI Market Street Holdings, LLC","CFRI Market Street Holdings, LLC",ANNUAL,Major Donor,,,364 Bush Street,,San Francisco,CA,94104,364 Bush Street,,San Francisco,CA,94104,,,,,,,,,
CHANGE PAC,CHANGE PAC,TERMINATED,General Purpose,1307410,,PO Box 640665,,San Francisco,CA,94164,"1050 Post Street, #35",,San Francisco,CA,94109,Timothy,Durning,,,,,,,
Charles R. Schwab,Charles R. Schwab,ANNUAL,Major Donor,486126,PEN569,PO Box 192861,,San Francisco,CA,94119,PO Box 192861,,San Francisco,CA,94119,,,,,,,,,
"Charles Schwab & Co., Inc.","Charles Schwab & Co., Inc.",ANNUAL,Major Donor,Pending,,211 Main Street,,San Francisco,CA,94105,211 Main Street,,San Francisco,CA,94105,,,,,,,,,
Charles Schwab Corporation,,,,,,,,,,,,,,,,,,,,,,,,
Children and Family First Committee,,,,,,,,,,,,,,,,,,,,,,,,
Chinatown Community Development Center,Chinatown Community Development Center,ANNUAL,Major Donor,Pending,,1535 Grant Avenue,,San Francisco,CA,94133,1535 Grant Avenue,,San Francisco,CA,94133,,,,,,,,,
Chinese Progressive Association,Chinese Progressive Association,ANNUAL,Major Donor,Pending,,"1042 Grant Avenue, 5th Floor",,San Francisco,CA,94133,"1042 Grant Avenue, 5th Floor",,San Francisco,CA,94133,Shawnda,Deane,,,,,,,
Choice for Students,Choice for Students,TERMINATED,General Purpose,1307181,,20 Galli Drive Suite A,,Novato,CA,94949,20 Galli Drive Suite A,,Novato,CA,94949,Quincy,Yu,,Michael,Bernick,,,,
Choose Health SF,,,,,,,,,,,,,,,,,,,,,,,,
CHOOSE HEALTH SF,,,,,,,,,,,,,,,,,,,,,,,,
Citizens Against Recall Abuse,Citizens Against Recall Abuse,TERMINATED,Primarily Formed Measure,1298421,,38 Homestead Street,,San Francisco,CA,94114,38 Homestead Street,,San Francisco,CA,94114,Ronald,Jin,,,,,,,
Citizens for a Better San Francisco,Citizens for a Better San Francisco,ACTIVE,General Purpose,880066,,PMB 3741 - 268 Bush Street,,San Francisco,CA,94104,PMB 3741 - 268 Bush Street,,San Francisco,CA,94104,Edward,Poole,,David,Slosberg,,,,
"Citizens for Reform Leadership, #1","Citizens for Reform Leadership, #1",TERMINATED,General Purpose,1261911,,"381 Bush Street, Suite 300",,San Francisco,CA,94104,"381 Bush Street, Suite 300",,San Francisco,CA,94104,Wade,Randlett,,,,,,,
"Citizens for Reform Leadership, #2","Citizens for Reform Leadership, #2",TERMINATED,General Purpose,1261912,,"381 Bush Street, Suite 300",,San Francisco,CA,94104,"381 Bush Street, Suite 300",,San Francisco,CA,94104,Wade,Randlett,,,,,,,
"Citizens for Reform Leadership, #3","Citizens for Reform Leadership, #3",TERMINATED,General Purpose,1261913,,"381 Bush Street, Suite 300",,San Francisco,CA,94104,"381 Bush Street, Suite 300",,San Francisco,CA,94104,Wade,Randlett,,,,,,,
"Citizens for Reform Leadership, #4","Citizens for Reform Leadership, #4",TERMINATED,General Purpose,1261915,,"381 Bush Street, Suite 300",,San Francisco,CA,94104,"381 Bush Street, Suite 300",,San Francisco,CA,94104,Wade,Randlett,,,,,,,
"Citizens for Reform Leadership, #5","Citizens for Reform Leadership, #5",TERMINATED,General Purpose,1261916,,"381 Bush Street, Suite 300",,San Francisco,CA,94104,"381 Bush Street, Suite 300",,San Francisco,CA,94104,Wade,Randlett,,,,,,,
"Citizens for Reform Leadership, #6","Citizens for Reform Leadership, #6",TERMINATED,General Purpose,1261919,,"381 Bush Street, Suite 300",,San Francisco,CA,94108,"381 Bush Street, Suite 300",,San Francisco,CA,94108,Wade,Randlett,,,,,,,
CITIZENS FOR RELIABLE WATER AND A HEALTHY ENVIRONMENT,,,,,,,,,,,,,,,,,,,,,,,,
"Citizens United for Reform - Yes on B; A coalition of healthcare advocates, taxpayers, labor and neighborhood business",,,,,,,,,,,,,,,,,,,,,,,,
"Citizens United for Reform - Yes on B; A coalition of healthcare advocates, taxpayers, labor, realtors and neighborhood business","Citizens United for Reform - Yes on B; A coalition of healthcare advocates, taxpayers, labor, realtors and neighborhood business",TERMINATED,Primarily Formed Measure,1305007,,"1427 Lincoln Blvd., Ste. E",,Santa Monica,CA,90401,"1427 Lincoln Blvd., Ste. E",,Santa Monica,CA,90401,Andy,Lim,,,,,,,
"City Residents Opposing Ed Lee for Mayor 2011, sponsored by American Federation of State County and Municipal Employees AFL-CIO and AFSCME CA People","City Residents Opposing Ed Lee for Mayor 2011, sponsored by American Federation of State County and Municipal Employees AFL-CIO and AFSCME CA People",TERMINATED,Primarily Formed Candidate,1338191,,"555 Capitol Mall, Suite 1425",,Sacramento,CA,95814,"1121 L Street, Suite 904",,Sacramento,CA,95814,Willie,Pelote,,,,,,,
"City Residents Supporting Leland Yee for Mayor 2011, sponsored by American Federation of State County and Municipal Employees AFL-CIO and AFSCME CA People",,,,,,,,,,,,,,,,,,,,,,,,
Clean SF,Clean SF,TERMINATED,General Purpose,1327006,,1524 Trollman Avenue,,San Mateo,CA,94401,1524 Trollman Avenue,,San Mateo,CA,94401,Robina,Singh,,,,,,,
Clinton T. Reilly,Clinton T. Reilly,ANNUAL,Major Donor,490376,PEN1170,"465 California Street, Suite 1600",,San Francisco,CA,94104,"465 California Street, Suite 1600",,San Francisco,CA,94104,,,,,,,,,
"Close the Loopholes - Yes on N, Yes on Q","Close the Loopholes - Yes on N, Yes on Q",TERMINATED,Primarily Formed Measure,1309988,,"1427 Lincoln Blvd., Ste. E",,Santa Monica,CA,90401,"1427 Lincoln Blvd., Ste. E",,Santa Monica,CA,90401,Andy,Lim,,,,,,,
Coalition for a Safer California,Coalition for a Safer California,ACTIVE,General Purpose,1306339,,"555 Capitol Mall, Suite 1425",,Sacramento,CA,95814,11 Lake Harbor Court,,Sacramento,CA,95831,Kathryn,Scott,,,,,,,
COALITION FOR BETTER HOUSING ISSUES PAC (CBH ISSUES PAC),,,,,,,,,,,,,,,,,,,,,,,,
Coalition for Civil Sidewalks - Yes on L - No on M 2010,Coalition for Civil Sidewalks - Yes on L - No on M 2010,TERMINATED,Primarily Formed Measure,1327161,Pending,"20 Galli Drive, Suite A",,San Francisco,CA,94949,"2261 Market Street, #319",,San Francisco,CA,94114,Justin,Buell,,Nancy,Warren,,,,
"COALITION FOR RENEWABLE ENERGY AND AFFORDABLE WATER RATES, NO ON E. MEMBERS INCLUDE NEIGHBORHOOD GROUPS, BUSINESSES, LABOR AND PACIFIC GAS AND ELECTRIC COMPANY","COALITION FOR RENEWABLE ENERGY AND AFFORDABLE WATER RATES, NO ON E. MEMBERS INCLUDE NEIGHBORHOOD GROUPS, BUSINESSES, LABOR AND PACIFIC GAS AND ELECTRIC COMPANY",TERMINATED,Primarily Formed Measure,1304627,,"150 Post Street, Suite 405",,San Francisco,CA,94108,"150 Post Street, Suite 405",,San Francisco,CA,94108,Douglas,Chan,,Kevin,Heneghan,,,,
COALITION FOR SENSIBLE GOVERNMENT,,,,,,,,,,,,,,,,,,,,,,,,
COALITION FOR SENSIBLE GOVERNMENT WITH MAJOR FUNDING BY SAN FRANCISCO ASSOCIATION OF REALTORS,COALITION FOR SENSIBLE GOVERNMENT WITH MAJOR FUNDING BY SAN FRANCISCO ASSOCIATION OF REALTORS,TERMINATED,General Purpose,1331757,,"150 POST STREET, SUITE 405",,San Francisco,CA,94108,"150 POST STREET, SUITE 405",,San Francisco,CA,94108,James,Sutton,,Jesse,Mainardi,,,,
"Coalition for Sustainable Housing, A Committee in Support of Proposition C","Coalition for Sustainable Housing, A Committee in Support of Proposition C",TERMINATED,Primarily Formed Measure,1349741,,325 Highland Avenue,,San Francisco,CA,94110,325 Highland Avenue,,San Francisco,CA,94110,David,Looman,,,,,,,
Coalition to Protect Golden Gate Park,,,,,,,,,,,,,,,,,,,,,,,,
"Coalition to Save City College, Sponsored by Service Employees International Union Local 1021","Coalition to Save City College, Sponsored by Service Employees International Union Local 1021",TERMINATED,Primarily Formed Measure,1345754,,"555 Capitol Mall, Suite 1425",,Sacramento,CA,95814,447 - 29th Street,,Oakland,CA,94609,Kathy,O'Neil,,Roxanne,Sanchez,,,,
"COALITION TO STIMULATE THE ECONOMY, MAJOR FUNDING BY SAN FRANCISCO ASSOCIATION OF REALTORS","COALITION TO STIMULATE THE ECONOMY, MAJOR FUNDING BY SAN FRANCISCO ASSOCIATION OF REALTORS",TERMINATED,General Purpose,1331755,,"150 POST STREET, SUITE 405",,San Francisco,CA,94108,"150 POST STREET, SUITE 405",,San Francisco,CA,94108,James,Sutton,,Jesse,Mainardi,,,,
"COALITION TO STIMULATE THE ECONOMY, NO ON N, MAJOR FUNDING BY SAN FRANCISCO ASSOCIATION OF REALTORS",,,,,,,,,,,,,,,,,,,,,,,,
Coleman Action Fund for Children Committee,Coleman Action Fund for Children Committee,ACTIVE,General Purpose,1311766,,5429 Madison Avenue,,Sacramento,CA,95841,459 Vienna Street,,San Francisco,CA,94112,Neva,Walker,,Rita,Copeland,,,,
Coleman Advocates for Children & Youth,Coleman Advocates for Children & Youth,ANNUAL,Independent Expenditure,,PEN964,459 Vienna Street,,San Francisco,CA,94112,459 Vienna Street,,San Francisco,CA,94112,Ntanya,Lee,,,,,,,
"Committee Against Park Mismanagement, A Committee Opposed to Proposition B","Committee Against Park Mismanagement, A Committee Opposed to Proposition B",TERMINATED,Primarily Formed Measure,1348395,,325 Highland Ave,,San Francisco,CA,94110,325 Highland Ave,,San Francisco,CA,94110,David,Looman,,,,,,,
COMMITTEE FOR A BRIGHTER SAN FRANCISCO FUTURE,,,,,,,,,,,,,,,,,,,,,,,,
"COMMITTEE FOR A FAIR AND BETTER SAN FRANCISCO, NO ON G","COMMITTEE FOR A FAIR AND BETTER SAN FRANCISCO, NO ON G",TERMINATED,Primarily Formed Measure,1342495,,"425 Market Street, 26th Floor",,San Francisco,CA,94105,"425 Market Street, 26th Floor",,San Francisco,CA,94105,Kevin,Heneghan,,,,,,,
"Committee for a Safer San Francisco, Sharmin Bock for District Attorney 2011",,,,,,,,,,,,,,,,,,,,,,,,
"Committee for a Safer San Francisco; Supporting Sharmin Bock, Opposing George Gasc?n for District Attorney 2011",,,,,,,,,,,,,,,,,,,,,,,,
"Committee for a Safer San Francisco; Supporting Sharmin Bock, Opposing George Gascon for District Attorney 2011","Committee for a Safer San Francisco; Supporting Sharmin Bock, Opposing George Gascon for District Attorney 2011",TERMINATED,Primarily Formed Candidate,1340803,,455 Capitol Mall Ste. 600,,Sacramento,CA,95814,455 Capitol Mall Ste. 600,,Sacramento,CA,95814,Charles,Bell,,Audrey,Martin,,,,
Committee for Better Wages,,,,,,,,,,,,,,,,,,,,,,,,
Committee for Effective City Management--A Committee in Support of Ed Lee for Mayor 2011,Committee for Effective City Management--A Committee in Support of Ed Lee for Mayor 2011,TERMINATED,Primarily Formed Candidate,1341523,,325 Highland Avenue,,San Francisco,CA,94110,325 Highland Avenue,,San Francisco,CA,94110,David,Looman,,,,,,,
"Committee for Parental Choice and Religious Freedom, sponsored by the Jewish Community Relations Council","Committee for Parental Choice and Religious Freedom, sponsored by the Jewish Community Relations Council",TERMINATED,Primarily Formed Measure,1338674,,PO Box 52,,San Francisco,CA,94104,"2261 Market Street, #319",,San Francisco,CA,94114,Natalie,Berg,,Nancy,Warren,,,,
"Committee for Quality Teachers and Education, Yes on Proposition A","Committee for Quality Teachers and Education, Yes on Proposition A",TERMINATED,Primarily Formed Measure,1305506,,"101 Montgomery Street, Suite 1900",,San Francisco,CA,94104,"101 Montgomery Street, Suite 1900",,San Francisco,CA,94104,Lawrence,Kane,,Raquel,Hernandez,,,,
Committee for Real Solutions for Housing -- A Committee Opposed to Proposition F,,,,,,,,,,,,,,,,,,,,,,,,
"Committee for Reliable Transportation & Better, Safer Streets",,,,,,,,,,,,,,,,,,,,,,,,
Committee on JOBS Candidate Advocacy Fund,,,,,,,,,,,,,,,,,,,,,,,,
Committee on Jobs Candidate Advocacy Fund,Committee on Jobs Candidate Advocacy Fund,ACTIVE,General Purpose,990831,,"235 Montgomery Street, Suite 965",,San Francisco,CA,94104,"235 Montgomery Street, Suite 965",,San Francisco,CA,94104,Christopher,Wright,,Kate,Cutting,,,,
Committee on JOBS Government Reform Fund,,,,,,,,,,,,,,,,,,,,,,,,
Committee on Jobs Government Reform Fund,Committee on Jobs Government Reform Fund,ACTIVE,General Purpose,982683,,"235 Montgomery Street, Suite 965",,San Francisco,CA,94104,"235 Montgomery Street, Suite 965",,San Francisco,CA,94104,Christopher,Wright,,Kate,Cutting,,,,
"Committee On Pharmaceutical Equality - COPE/SF, Major Funding by the AIDS Healthcare Foundation",,,,,,,,,,,,,,,,,,,,,,,,
Committee Opposing Forced Male Circumcision,Committee Opposing Forced Male Circumcision,TERMINATED,Primarily Formed Measure,1336649,,154 Delmar Street,,San Francisco,CA,94117,154 Delmar Street,,San Francisco,CA,94117,Frank,McGinness,,Lloyd,Schofield,,,,
Committee to Keep MUNI Accountable - No on P,Committee to Keep MUNI Accountable - No on P,TERMINATED,Primarily Formed Measure,1309995,,"584 Castro Street, # 414",,San Francisco,CA,94114,2069A Mission Street,,San Francisco,CA,94110,Steven,Mele,,,,,,,
Committee to Pass Laura's Law 2014,Committee to Pass Laura's Law 2014,TERMINATED,Primarily Formed Measure,1366967,,"5940 College Ave., Suite F",,San Francisco,CA,94618,"150 Post Street, Suite 405",,San Francisco,CA,94108,Stacy,Owens,,Hank,Levy,,,,
"COMMITTEE TO PRESERVE RENTAL HOUSING, MAJOR FUNDING BY SAN FRANCISCO ASSOCIATION OF REALTORS",,,,,,,,,,,,,,,,,,,,,,,,
"COMMITTEE TO PRESERVE RENTAL HOUSING, NO ON F, MAJOR FUNDING BY SAN FRANCISCO ASSOCIATION OF REALTORS",,,,,,,,,,,,,,,,,,,,,,,,
COMMITTEE TO REBUILD GENERAL HOSPITAL,,,,,,,,,,,,,,,,,,,,,,,,
"COMMITTEE TO REBUILD GENERAL HOSPITAL, YES ON PROP. A, A COALITION OF DOCTORS, NURSES, HEALTHCARE PROFESSIONALS, SEIU LOCAL 1021 AND THE SAN FRANCISCO GENERAL HOSPITAL FOUNDATION","COMMITTEE TO REBUILD GENERAL HOSPITAL, YES ON PROP. A, A COALITION OF DOCTORS, NURSES, HEALTHCARE PROFESSIONALS, SEIU LOCAL 1021 AND THE SAN FRANCISCO GENERAL HOSPITAL FOUNDATION",TERMINATED,Primarily Formed Measure,1306196,,"150 Post Street, Suite 405",,San Francisco,CA,94108,"150 Post Street, Suite 405",,San Francisco,CA,94108,James,Sutton,,Kevin,Heneghan,,,,
"COMMITTEE TO REBUILD GENERAL HOSPITAL, YES ON PROP. A, A COALITION OF DOCTORS, NURSES, HEALTHCARE PROFESSIONALS, SEIU LOCAL 1021 ISSUES PAC AND THE SAN FRANCISCO GENERAL HOSPITAL FOUNDATION",,,,,,,,,,,,,,,,,,,,,,,,
"Committee to Restore Our Waterfront, Yes on D","Committee to Restore Our Waterfront, Yes on D",TERMINATED,Primarily Formed Measure,1311013,,"660 Mission Street, 2nd Floor",,San Francisco,CA,94105,"660 Mission Street, 2nd Floor",,San Francisco,CA,94105,Steven,Mele,,,,,,,
"Committee to Save Our City College,Yes on A, supported by thousands of San Franciscans who support education (see attachment sheet for full committee name)",,,,,,,,,,,,,,,,,,,,,,,,
"Committee To Stop Mass Demolition of Housing, A Committee to Support Proposition","Committee To Stop Mass Demolition of Housing, A Committee to Support Proposition",TERMINATED,Primarily Formed Measure,1339557,,558 Capp Street,,San Francisco,CA,94110,558 Capp Street,,San Francisco,CA,94110,Ted,Gullicksen,,Rebecca,Reiner,,,,
"COMMITTEE TO STOP THE BLANK CHECK, NO ON H, A COALITION OF CONCERNED CONSUMERS, SMALL BUSINESSES, LABOR, COMMUNITY ORGANIZATIONS AND PACIFIC GAS AND ELECTRIC COMPANY","COMMITTEE TO STOP THE BLANK CHECK, NO ON H, A COALITION OF CONCERNED CONSUMERS, SMALL BUSINESSES, LABOR, COMMUNITY ORGANIZATIONS AND PACIFIC GAS AND ELECTRIC COMPANY",TERMINATED,Primarily Formed Measure,1308261,,"2350 Kerner Boulevard, Suite 250",,San Rafael,CA,94901,"2350 Kerner Boulevard, Suite 250",,San Rafael,CA,94901,,,,Jennifer,Lee,,,,
COMMITTEE TO SUPPORT OUR CITY COLLEGE--YES ON A,COMMITTEE TO SUPPORT OUR CITY COLLEGE--YES ON A,TERMINATED,Primarily Formed Measure,1276564,,"150 Post Street, Suite 405",,San Francisco,CA,94108,"150 Post Street, Suite 405",,San Francisco,CA,94108,Tim,Wolfred,,James,Sutton,,,,
"Common Sense Voters, SF 2010; Vote for Mark Farrell for District 2 Supervisor","Common Sense Voters, SF 2010; Vote for Mark Farrell for District 2 Supervisor",TERMINATED,Primarily Formed Candidate,1332919,,41 Corto Lane,,Redwood City,CA,94062,41 Corto Lane,,Redwood City,CA,94062,Stacy,Owens,,Henry,Levy,,,,
Community Justice Court Coalition: Breaking the Cycle. Yes on L.,Community Justice Court Coalition: Breaking the Cycle. Yes on L.,TERMINATED,Primarily Formed Measure,1308860,,"1819 Polk Street, No. 375",,San Francisco,CA,94109,"250 Sutter Street, Suite 650",,San Francisco,CA,94108,Stacy,Owens,,Henry,Levy,,,,
Cultural & Economic EquityPolitical Action Committee(CEEPAC),,,,,,,,,,,,,,,,,,,,,,,,
Cunnie for Sheriff 2011 sponsored by the San Francisco Police Officers Association,,,,,,,,,,,,,,,,,,,,,,,,
"D10 Forward, sponsored by the San Francisco Building and Construction Trades Council","D10 Forward, sponsored by the San Francisco Building and Construction Trades Council",TERMINATED,General Purpose,1332622,Pending,1188 Franklin Street #203,,San Francisco,CA,94109,1188 Franklin Street #203,,San Francisco,CA,94109,Michael,Theriault,,Nancy,Warren,,,,
David Crane,David Crane,ANNUAL,Major Donor,Pending,,2485 Broadway,,San Francisco,CA,94115,2485 Broadway,,San Francisco,CA,94115,,,,,,,,,
David Gavrich & San Francisco Bay Railroad,David Gavrich & San Francisco Bay Railroad,ANNUAL,Major Donor,Pending,,100 Cargo Way,,San Francisco,CA,94124,100 Cargo Way,,San Francisco,CA,94124,,,,,,,,,
DAVID LAMOND,,,,,,,,,,,,,,,,,,,,,,,,
David Singer,David Singer,ANNUAL,Major Donor,Pending,,59 Presidio  Blvd,,San Francisco,CA,94129,59 Presidio  Blvd,,San Francisco,CA,94129,David,Singer,,,,,,,
DAVID SINGER,,,,,,,,,,,,,,,,,,,,,,,,
Dean Preston,Dean Preston,ANNUAL,Major Donor,Pending,,1045 Hayes Street,,San Francisco,CA,94117,1045 Hayes Street,,San Francisco,CA,94117,,,,,,,,,
"Defend Bayview Hunter's Point, Committee for Proposition ..","Defend Bayview Hunter's Point, Committee for Proposition ..",TERMINATED,Primarily Formed Measure,1287074,,38 Homestead Street,,San Francisco,CA,94114,38 Homestead Street,,San Francisco,CA,94114,Ronald,Jin,,,,,,,
Dianne Feinstein,Dianne Feinstein,ANNUAL,Major Donor,492045,,"909 Montgomery Street, Suite 400",,San Francisco,CA,94133,"909 Montgomery Street, Suite 400",,San Francisco,CA,94133,,,,,,,Dianne,Feinstein,
District 11 Democratic Club,District 11 Democratic Club,ACTIVE,General Purpose,991741,,325 Highland Avenue,,San Francisco,CA,94110,8 Colonial St.,,San Francisco,CA,94112,Nadia,Conrad,,David,Looman,,,,
District 2 Democratic Club,District 2 Democratic Club,TERMINATED,General Purpose,1332025,,178 Cervantes Boulevard,,San Francisco,CA,94123,178 Cervantes Boulevard,,San Francisco,CA,94123,Neal,Pancholi,,Suki,Kott,,,,
District 3 Citizens for Good Government,District 3 Citizens for Good Government,NR,Primarily Formed Measure,1303850,,P.O. Box 425034,,San Francisco,CA,94142,"930 Montgomery Street, Suite 301",,San Francisco,CA,94133,Eugene,Wong,,,,,,,
District 3 Democratic Club,District 3 Democratic Club,ACTIVE,General Purpose,1229630,,"1156 Sutter Street, #304",,San Francisco,CA,94109,"1156 Sutter Street, #304",,San Francisco,CA,94109,Chris,Schulman,,,,,,,
District 8 Democrats PAC,District 8 Democrats PAC,ACTIVE,General Purpose,1347969,,"301 Graystone Terrace, #2",,San Francisco,CA,94114,"301 Graystone Terrace, #2",,San Francisco,CA,94114,Gus,Feldman,,,,,,,
"DOLBY LABORATORIES, INC.","DOLBY LABORATORIES, INC.",ANNUAL,Major Donor,Pending,,100 Potrero Avenue,,San Francisco,CA,94103,100 Potrero Avenue,,San Francisco,CA,94103,Kevin,Heneghan,,,,,,,
Don Bauer & Co,Don Bauer & Co,ANNUAL,Major Donor,Pending,,549 28th Street,,San Francisco,CA,94131,549 28th Street,,San Francisco,CA,94131,,,,,,,,,
Douglas W. Shorenstein and Affiliated Entities,Douglas W. Shorenstein and Affiliated Entities,ANNUAL,Major Donor,478373,PEN1160,"235 Montgomery Street, 14th Floor",,San Francisco,CA,94104,"235 Montgomery Street, 14th Floor",,San Francisco,CA,94104,,,,,,,,,
DPR CONSTRUCTION,,,,,,,,,,,,,,,,,,,,,,,,
"Drexler Colombo, LLC","Drexler Colombo, LLC",ANNUAL,Major Donor,Pending,,"5940 College Avenue, Suite F",,Oakland,CA,94618,15 Columbus Avenue,,Oakland,CA,94111,,,,,,,,,
"ECONOMIC RECOVERY SAN FRANCISCO, NO ON J & N, SPONSORED BY BUSINESS ASSOCIATIONS","ECONOMIC RECOVERY SAN FRANCISCO, NO ON J & N, SPONSORED BY BUSINESS ASSOCIATIONS",TERMINATED,Primarily Formed Measure,1329402,,"150 Post Street, Suite 405",,San Francisco,CA,94108,"150 Post Street, Suite 405",,San Francisco,CA,94108,Kevin,Heneghan,,James,Sutton,,,,
Educating Voters for Jobs Against Avalos and Adachi for Mayor 2011 a coalition of police and construction workers unions,Educating Voters for Jobs Against Avalos and Adachi for Mayor 2011 a coalition of police and construction workers unions,TERMINATED,Primarily Formed Candidate,1341023,,"555 Capitol Mall, Suite 1425",,Sacramento,CA,95814,1621 Market Street,,San Francisco,CA,94103,Larry,Mazzola,,Michael,Theriault,,,,
Elect Women 2012 (see attachment sheet for full committee name),Elect Women 2012 (see attachment sheet for full committee name),TERMINATED,Primarily Formed Candidate,1346853,,"870 Market Street, Suite 415",,San Francisco,CA,94102,"870 Market Street, Suite 415",,San Francisco,CA,94102,Stacy,Owens,,Marissa,Quaranta,,,,
Elizabeth H. Bechtel,Elizabeth H. Bechtel,ANNUAL,Major Donor,1330661,,PO Box 193809,,San Francisco,CA,94119,"199 Fremont Street, 22nd Floor",,San Francisco,CA,94105,,,,,,,,,
"Emerald Fund II, LLC","Emerald Fund II, LLC",ANNUAL,Major Donor,Pending,,"532 Folsom St., #400",,San Francisco,CA,94105,"532 Folsom St., #400",,San Francisco,CA,94105,,,,,,,,,
Equity for Public Service Employees,Equity for Public Service Employees,ACTIVE,Primarily Formed Measure,1259927,,1939 Hayes Street #8,,San Francisco,CA,94117,1939 Hayes Street #8,,San Francisco,CA,94117,Doug,Comstock,,,,,,,
Eric Schmidt,Eric Schmidt,ANNUAL,Major Donor,Pending,,"555 Bryant Street, Suite 347",,Palo Alto,CA,94301,"555 Bryant Street, Suite 347",,Palo Alto,CA,94301,,,,,,,,,
Evan C. Williams,Evan C. Williams,ANNUAL,Major Donor,Pending,,"760 Market Street, 3rd Floor",,San Francisco,CA,94103,"760 Market Street, 3rd Floor",,San Francisco,CA,94103,,,,,,,,,
"Expedia; Protect San Francisco Jobs, No on Propositions J & K, sponsored by and major funding by Expedia, a travel company","Expedia; Protect San Francisco Jobs, No on Propositions J & K, sponsored by and major funding by Expedia, a travel company",ANNUAL,Independent Expenditure,Pending,,"5325 Elkhorn Blvd, #321",,Sacramento,CA,95842,"5325 Elkhorn Blvd, #321",,Sacramento,CA,95842,,,,,,,,,
F. WARREN HELLMAN,,,,,,,,,,,,,,,,,,,,,,,,
Families for Neighborhood Schools,Families for Neighborhood Schools,TERMINATED,General Purpose,1336473,,"20 Galli Drive, Suite A",,Novato,CA,94949,"2261 Market Street, #319",,San Francisco,CA,94114,Mike,Sullivan,,Nancy,Warren,,,,
Farideh B. Mehran,Farideh B. Mehran,ANNUAL,Major Donor,Pending,,50 Belbrook Way,,Atherton,CA,94027,50 Belbrook Way,,Atherton,CA,94027,Charles,Bell,,,,,,,
FDR Democratic Club of San Francisco,FDR Democratic Club of San Francisco,ACTIVE,General Purpose,1351724,,P.O. Box 590181,,San Francisco,CA,94159,1345 Clement Street #103,,San Francisco,CA,94118,Vanessa,Lyens,,,,,,,
Fix Our Streets - Yes on B,Fix Our Streets - Yes on B,TERMINATED,Primarily Formed Measure,1340704,,5940 College Avenue,,Oakland,CA,94618,5940 College Avenue,,Oakland,CA,94618,Ramon,Hernandez,,Stacy,Owens,,,,
Forest City & Affiliated Entities,Forest City & Affiliated Entities,ANNUAL,Major Donor,489213,,"949 S Hope Street, #100",,Los Angeles,CA,90015,"949 S Hope Street, #100",,Los Angeles,CA,90015,,,,,,,,,
"Forest City Rental Properties, Inc. & Affiliated Entities",,,,,,,,,,,,,,,,,,,,,,,,
Frank Chong for School Board,Frank Chong for School Board,TERMINATED,Candidate or Officeholder,981602,,123 Townsend St.,,San Francisco,CA,94107,123 Townsend St.,,San Francisco,CA,94107,Leslie,Katz,,,,,Frank,Chong,
"Franklin P. Johnson, Jr. & the Johnson Revocable Trust dated 6/25/2003","Franklin P. Johnson, Jr. & the Johnson Revocable Trust dated 6/25/2003",ANNUAL,Major Donor,1228633,,1411 Edgewood Drive,,Palo Alto,CA,94301,1411 Edgewood Drive,,Palo Alto,CA,94301,,,,,,,,,
"FRIENDS AND NEIGHBORS IN SUPPORT OF MIKE GARCIA FOR DISTRICT 7 SUPERVISOR 2012 - A COALITION OF TAXPAYERS, RESIDENTS, AND THE SAN FRANCISCO APARTMENT ASSOCIATION","FRIENDS AND NEIGHBORS IN SUPPORT OF MIKE GARCIA FOR DISTRICT 7 SUPERVISOR 2012 - A COALITION OF TAXPAYERS, RESIDENTS, AND THE SAN FRANCISCO APARTMENT ASSOCIATION",TERMINATED,Primarily Formed Candidate,1348668,,"425 Market Street, 26th Floor",,San Francisco,CA,94105,265 Ivy Street,,San Francisco,CA,94102,Janan,New,,,,,,,
"Friends of Ethics, Committee Opposed to Measures E & F","Friends of Ethics, Committee Opposed to Measures E & F",TERMINATED,Primarily Formed Measure,1340788,,"3400 - 16th Street, #306",,San Francisco,CA,94114,245 Diamond Street,,San Francisco,CA,94114,Paul,Melbostad,,,,,,,
Friends Supporting Debra Walker for Supervisor 2010 sponsored by labor organizations,Friends Supporting Debra Walker for Supervisor 2010 sponsored by labor organizations,TERMINATED,Primarily Formed Candidate,1331560,,"555 Capitol Mall, Suite 1425",,Sacramento,CA,95814,"555 Capitol Mall, Suite 1425",,Sacramento,CA,95814,Tim,Paulson,,Hang,To,,,,
"G. LEONARD BAKER, JR.",,,,,,,,,,,,,,,,,,,,,,,,
George A. Miller,George A. Miller,ANNUAL,Major Donor,491307,,"301 11th Street, Apt. 5",,San Francisco,CA,94103,"301 11th Street, Apt. 5",,San Francisco,CA,94103,,,,,,,,,
George H. Hume,George H. Hume,ANNUAL,Major Donor,,Pending,"600 Montgomery St., 28th Floor",,San Francisco,CA,94127,"600 Montgomery St., 28th Floor",,San Francisco,CA,94127,,,,,,,,,
GLUMAC,GLUMAC,ANNUAL,Major Donor,Pending,,150 CALIFORNIA STREET 3rd Floor,,SAN FRANCISCO,CA,94111,150 CALIFORNIA STREET 3rd Floor,,SAN FRANCISCO,CA,94111,,,,,,,,,
GMP,GMP,ANNUAL,Major Donor,Pending,,162 Del Oro Lagoon,,Novato,CA,94949,162 Del Oro Lagoon,,Novato,CA,94949,Debra,Deleo,,,,,,,
GOLDEN GATE RESTAURANT ASSOCIATION PAC,,,,,,,,,,,,,,,,,,,,,,,,
"GOLDEN GATEWAY CENTER, A LIMITED PARTNERSHIP",,,,,,,,,,,,,,,,,,,,,,,,
Good Government Alliance Committee,Good Government Alliance Committee,TERMINATED,General Purpose,890287,,"380 West Portal Avenue, Suite F",,San Francisco,CA,94127,"380 West Portal Avenue, Suite F",,San Francisco,CA,94127,David,Slosberg,,,,,Quentin,Kopp,
Grassroots Democratic Club,,,,,,,,,,,,,,,,,,,,,,,,
Gregory Wendt,Gregory Wendt,ANNUAL,Major Donor,1319982,,"1 Market Street, Steuart Tower #2000",,San Francisco,CA,94105,"1 Market Street, Steuart Tower #2000",,San Francisco,CA,94105,,,,,,,,,
"H No! Let Parents Decide, sponsored by and with major funding from: United Educators of San Francisco","H No! Let Parents Decide, sponsored by and with major funding from: United Educators of San Francisco",TERMINATED,Primarily Formed Measure,1341548,,2310 Mason Street,,San Francisco,CA,94133,2310 Mason Street,,San Francisco,CA,94133,Stacy,Owens,,Henry,Levy,,,,
Haiyi Hotels Worldwide,Haiyi Hotels Worldwide,ANNUAL,Major Donor,Pending,,121 7th Street,,San Francisco,CA,94103,121 7th Street,,San Francisco,CA,94103,,,,,,,,,
HAMID MOGHADAM,,,,,,,,,,,,,,,,,,,,,,,,
Harriet Heyman,Harriet Heyman,ANNUAL,Major Donor,Pending,,2626 Vallejo Street,,San Francisco,CA,94123,2626 Vallejo Street,,San Francisco,CA,94123,,,,,,,,,
Harvey Milk LGBT Democratic Club PAC,Harvey Milk LGBT Democratic Club PAC,NONSF,General Purpose,921683,,342 London Street,,San Francisco,CA,94112,342 London Street,,San Francisco,CA,94112,Debra,Cleaver,,,,,,,
"HOK Group, Inc.","HOK Group, Inc.",ANNUAL,Major Donor,,PEN989,"1 Bush Street, Suite 200",,San Francisco,CA,94105,"1 Bush Street, Suite 200",,San Francisco,CA,94105,Edward,McCrary,,,,,,,
Holloway,,,,,,,,,,,,,,,,,,,,,,,,
HOTEL COUNCIL OF SAN FRANCISCO,,,,,,,,,,,,,,,,,,,,,,,,
Irish American Democratic Club/San Francisco,Irish American Democratic Club/San Francisco,ACTIVE,General Purpose,991703,,1218 Rhode Island St. #7,,San Francisco,CA,94107,1218 Rhode Island St. #7,,San Francisco,CA,94107,Jim,Wachob,,,,,,,
Janet A. McKinley,Janet A. McKinley,ANNUAL,Major Donor,Pending,,"301 11th Street, Apt. 5",,San Francisco,CA,94103,"301 11th Street, Apt. 5",,San Francisco,CA,94103,,,,,,,,,
Janet Reilly,Janet Reilly,ANNUAL,Major Donor,1276040,,"465 California Street, 16th Floor",,San Francisco,CA,94104,"465 California Street, 16th Floor",,San Francisco,CA,94104,,,,,,,,,
Jennifer A. Rainin,Jennifer A. Rainin,ANNUAL,Major Donor,1315160,,"1 Kaiser Plaza, Suite 1675",,Oakland,CA,94612,"1 Kaiser Plaza, Suite 1675",,Oakland,CA,94612,Charles,Bell,,,,,,,
Jewish Community Federation,Jewish Community Federation,ANNUAL,Major Donor,Pending,,121 Steward Street,,San Francisco,CA,94105,121 Steward Street,,San Francisco,CA,94105,,,,,,,,,
"JGE Capital Partners, LLC","JGE Capital Partners, LLC",ANNUAL,Major Donor,Pending,,"600 Montgomery Street, 36th Floor",,San Francisco,CA,94111,"600 Montgomery Street, 36th Floor",,San Francisco,CA,94111,Cheryl,Thompson,,,,,,,
Joanna Rees,Joanna Rees,ANNUAL,Major Donor,Pending,,"5325 Elkhorn Blvd., #321",,Sacramento,CA,95842,"5325 Elkhorn Blvd., #321",,Sacramento,CA,95842,,,,,,,,,
John Osterweis,John Osterweis,ANNUAL,Major Donor,Pending,,"One Maritime Plaza, Ste. 800",,San Francisco,CA,94111,"One Maritime Plaza, Ste. 800",,San Francisco,CA,94111,,,,,,,,,
"JOHN WADSWORTH, JR.",,,,,,,,,,,,,,,,,,,,,,,,
Joseph O. Tobin II,Joseph O. Tobin II,ANNUAL,Major Donor,Pending,,2108 Washington Street,,San Francisco,CA,94109,2108 Washington Street,,San Francisco,CA,94109,,,,,,,,,
Karl A. Jacob and Patricia Fahey,Karl A. Jacob and Patricia Fahey,ANNUAL,Major Donor,Pending,,119 St. Thomas Way,,Belvedere Tiburon,CA,94920,119 St. Thomas Way,,Belvedere Tiburon,CA,94920,,,,,,,,,
"Keep San Francisco Green; No on Prop A, A Coalition of Recology, Labor, Business and Environmentalists, Major Funding by Recology.","Keep San Francisco Green; No on Prop A, A Coalition of Recology, Labor, Business and Environmentalists, Major Funding by Recology.",TERMINATED,Primarily Formed Measure,1344802,,5940 College Ave,,Oakland,CA,94618,950 7th Street,,San Francisco,CA,94107,Stacy,Owens,,Henry,Levy,,,,
Kwan S. Cheung,Kwan S. Cheung,ANNUAL,Major Donor,Pending,,32408 Central Avenue,,Union City,CA,94587,32408 Central Avenue,,Union City,CA,94587,,,,,,,,,
"L. JOHN DOERR, III",,,,,,,,,,,,,,,,,,,,,,,,
Latino Democratic Club: San Francisco,,,,,,,,,,,,,,,,,,,,,,,,
Latino Political Action Committee,Latino Political Action Committee,ACTIVE,General Purpose,990469,,35 Madrone Avenue,,San Francisco,CA,94127,35 Madrone Avenue,,San Francisco,CA,94127,Sonia,Melara,,,,,,,
Laurence Christian Marlin And Affiliated Entities,Laurence Christian Marlin And Affiliated Entities,ANNUAL,Major Donor,Pending,,"3109 Grand Avenue, #136",,Miami,FL,33133,"3109 Grand Avenue, #136",,Miami,FL,33133,,,,,,,,,
LENNAR HOMES OF CALIFORNIA INC. AND AFFILIATED ENTITIES,LENNAR HOMES OF CALIFORNIA INC. AND AFFILIATED ENTITIES,ANNUAL,Major Donor,1229831,PEN1438,"c/o 2530 Kerner Blvd., Suite 250",,San Rafael,CA,94901,"c/o 2530 Kerner Blvd., Suite 250",,San Rafael,CA,94901,,,,,,,,,
Lenny Mendonca,Lenny Mendonca,ANNUAL,Major Donor,1288310,,"555 California Street, Suite 4700",,San Francisco,CA,94101,"555 California Street, Suite 4700",,San Francisco,CA,94101,,,,,,,,,
LET SF KIDS PLAY,,,,,,,,,,,,,,,,,,,,,,,,
LINDA VOIGT,LINDA VOIGT,ANNUAL,Major Donor,Pending,,"655 Montgomery Street, #1700",,San Francisco,CA,94111,"655 Montgomery Street, #1700",,San Francisco,CA,94111,,,,,,,,,
MARC BENIOFF,,,,,,,,,,,,,,,,,,,,,,,,
MARC STAD,,,,,,,,,,,,,,,,,,,,,,,,
MARK PINCUS,MARK PINCUS,ANNUAL,Major Donor,Pending,,"35 Miller Avenue, #139",,Mill Valley,CA,94941,"35 Miller Avenue, #139",,Mill Valley,CA,94941,,,,,,,,,
Maryann Mascarinas,Maryann Mascarinas,ANNUAL,Major Donor,Pending,,"3288 21st Street, Suite 154",,San Francisco,CA,94110,"3288 21st Street, Suite 154",,San Francisco,CA,94110,,,,,,,,,
Matt Haney for School Board 2012,Matt Haney for School Board 2012,TERMINATED,Candidate or Officeholder,1346687,,P.O. Box 78342,,San Francisco,CA,94107,"549 Fell Street, #8",,San Francisco,CA,94102,Andrew,Sinn,,,,,Matt,Haney,
MATTHEW BARGER,,,,,,,,,,,,,,,,,,,,,,,,
MATTHEW COHLER,,,,,,,,,,,,,,,,,,,,,,,,
Mayer,,,,,,,,,,,,,,,,,,,,,,,,
MAYOR ED LEE FOR SAN FRANCISCO COMMITTEE,,,,,,,,,,,,,,,,,,,,,,,,
Medallion Holders Association PAC,Medallion Holders Association PAC,ACTIVE,General Purpose,1292075,,662 20th Avenue,,San Francisco,CA,94121,662 20th Avenue,,San Francisco,CA,94121,Dennis,Korkos,,,,,,,
Michael J. O'Donoghue,Michael J. O'Donoghue,ANNUAL,Major Donor,Pending,,1519 McAllister Street,,San Francisco,CA,94115,1519 McAllister Street,,San Francisco,CA,94115,,,,,,,,,
Michael Moritz,Michael Moritz,ANNUAL,Major Donor,Pending,,2626 Vallejo Street,,San Francisco,CA,94123,2626 Vallejo Street,,San Francisco,CA,94123,,,,,,,,,
"Mid-Market ARTS Alliance, Major funding by Warfield Theater, Supported by Market Street Revival, a coalition of artists, neighbors, tenants, and small business owners.",,,,,,,,,,,,,,,,,,,,,,,,
"Mid-Market ARTS Alliance, Yes on D. Major funding by Warfield Theater, Supported by Market Street Revival, a coalition of artists, neighbors, tenants, and small business owners.",,,,,,,,,,,,,,,,,,,,,,,,
"Mid-Market ARTS Alliance/Yes on D. Major funding by Warfield Theater. Supported by Market Street Revival, a coalition of artists, neighbors, tenants, and small business owners.",,,,,,,,,,,,,,,,,,,,,,,,
Mike McGinley,Mike McGinley,ANNUAL,Major Donor,Pending,,1669 N Doheny Drive,,Los Angeles,CA,90069,1669 N Doheny Drive,,Los Angeles,CA,90069,,,,,,,,,
"MILLENNIUM PARTNERS, INCLUDING SEAN M. JEFFRIES",,,,,,,,,,,,,,,,,,,,,,,,
Municipal Executives Association of San Francisco PAC,,,,,,,,,,,,,,,,,,,,,,,,
National Union of Healthcare Workers Candidate Committee for Quality Patient Care and Union Democracy,National Union of Healthcare Workers Candidate Committee for Quality Patient Care and Union Democracy,NONSF,General Purpose,1318200,,5940 College Avenue,,Oakland,CA,94618,"5801 Christie Avenue, Suite 525",,Emerville,CA,94608,Sal,Rosselli,,Stacy,Owens,,,,
Neighbors Against Traffic & Pollution - No on H,Neighbors Against Traffic & Pollution - No on H,TERMINATED,Primarily Formed Measure,1300072,,"470 Columbus Avenue, Suite 211",,San Francisco,CA,94133,"470 Columbus Avenue, Suite 211",,San Francisco,CA,94133,Aaron,Peskin,,Stacy,Owens,,,,
"NEIGHBORS FOR HOUSING AND PARKS AT UNION IRON WORKS, WITH MAJOR SUPPORT FROM FC PIER 70, LLC",,,,,,,,,,,,,,,,,,,,,,,,
New Day for SF,New Day for SF,TERMINATED,General Purpose,1328230,,325 Highland Avenue,,San Francisco,CA,94110,325 Highland Avenue,,San Francisco,CA,94110,David,Looman,,,,,,,
No Military Recruitment in Our Schools-No on V,No Military Recruitment in Our Schools-No on V,TERMINATED,Primarily Formed Measure,1308856,,65 Ninth Street,,San Francisco,CA,94103,65 Ninth Street,,San Francisco,CA,94103,Deborah,Gordon,,Riva,Enteen,,,,
"No on B 2014, sponsored by the San Francisco Alliance for Jobs and Sustainable Growth","No on B 2014, sponsored by the San Francisco Alliance for Jobs and Sustainable Growth",ACTIVE,Primarily Formed Measure,1365989,,"425 Market Street, 26th Floor",,San Francisco,CA,94105,"425 Market Street, 26th Floor",,San Francisco,CA,94105,Kevin,Heneghan,,,,,,,
"No on K, Committee Against Trafficking and Sexual Exploitation, Committee Against Proposition K","No on K, Committee Against Trafficking and Sexual Exploitation, Committee Against Proposition K",TERMINATED,Primarily Formed Measure,1310101,,2467 28th Avenue,,San Francisco,CA,94116,2467 28th Avenue,,San Francisco,CA,94116,Heidi,Machen,,Nara,Dahlbecka,,,,
"NO ON PROPOSITION A, A COMMITTEE OF PROPERTY OWNERS AND RENTERS WHO OPPOSE THE LARGEST BOND IN SAN FRANCISCO HISTORY AND SUPPORT A LESS EXPENSIVE PLAN","NO ON PROPOSITION A, A COMMITTEE OF PROPERTY OWNERS AND RENTERS WHO OPPOSE THE LARGEST BOND IN SAN FRANCISCO HISTORY AND SUPPORT A LESS EXPENSIVE PLAN",TERMINATED,Primarily Formed Measure,1311579,,"2350 KERNER BLVD., STE 250",,SAN RAFAEL,CA,94901,265 IVY STREET,,SAN FRANCISCO,CA,94102,Jennie,Eddy,,,,,,,
No Wall On The Northeast Waterfront,,,,,,,,,,,,,,,,,,,,,,,,
"No Wall on the Northeast Waterfront, No on B & C, supported by local property owners, tenants, neighbors, and environmentalists. Top contributors include Richard and Barbara Stewart","No Wall on the Northeast Waterfront, No on B & C, supported by local property owners, tenants, neighbors, and environmentalists. Top contributors include Richard and Barbara Stewart",TERMINATED,Primarily Formed Measure,1348226,,P.O. Box 330476,,San Francisco,CA,94133,5940 College Avenue,,Oakland,CA,94618,Stacy,Owens,,Henry,Levy,,,,
"No Wall on the Northeast Waterfront, supported by local property owners, tenants, neighbors, and environmentalists. Top contributors include Richard and Barbara Stewart",,,,,,,,,,,,,,,,,,,,,,,,
"No Wall on the Northeast Waterfront, top contributors include Richard and Barbara Stewart",,,,,,,,,,,,,,,,,,,,,,,,
No Wall on the Waterfront,,,,,,,,,,,,,,,,,,,,,,,,
"No Wall on the Waterfront, Yes on Prop B",,,,,,,,,,,,,,,,,,,,,,,,
"No Wall on the Waterfront, Yes on Prop B, top contributors include Richard and Barbara Stewart",,,,,,,,,,,,,,,,,,,,,,,,
Noe Valley Democratic Club,Noe Valley Democratic Club,ACTIVE,General Purpose,963103,,60 Jersey Street,,San Francisco,CA,94114,60 Jersey Street,,San Francisco,CA,94114,Catherine,Bruce,,,,,,,
OC PAC,OC PAC,TERMINATED,General Purpose,1340059,,325 Highland Avenue,,San Francisco,CA,94110,325 Highland Avenue,,San Francisco,CA,94110,David,Looman,,,,,,,
ONE CALIFORNIA FOR ALL - LELAND YEE BALLOT MEASURE COMMITTEE,ONE CALIFORNIA FOR ALL - LELAND YEE BALLOT MEASURE COMMITTEE,NONSF,General Purpose,1311596,,"150 Post Street, Suite 405",,San Francisco,CA,94108,"150 Post Street, Suite 405",,San Francisco,CA,94108,James,Sutton,,Jonathan,Mintzer,,,,
ONE CALIFORNIA FOR ALL - YEE FOR A,,,,,,,,,,,,,,,,,,,,,,,,
ONE CALIFORNIA FOR ALL - YEE FOR C,,,,,,,,,,,,,,,,,,,,,,,,
"OPENTABLE, INC.","OPENTABLE, INC.",ANNUAL,Major Donor,Pending,,"799 Market Street, 4th Floor",,San Francisco,CA,94103,"799 Market Street, 4th Floor",,San Francisco,CA,94103,Kevin,Heneghan,,,,,,,
"PACIFIC WATERFRONT PARTNERS, LLC","PACIFIC WATERFRONT PARTNERS, LLC",ANNUAL,Major Donor,Pending,,"Pier 1, Bay 2",,San Francisco,CA,94111,"Pier 1, Bay 2",,San Francisco,CA,94111,,,,,,,,,
"PARKING FOR NEIGHBORHOODS, YES ON H, NO ON A",,,,,,,,,,,,,,,,,,,,,,,,
PENSION REFORM CHARTER AMENDMENT SUPPORTED BY PUBLIC DEFENDER JEFF ADACHI AND SAN FRANCISCANS FOR SMART REFORM,,,,,,,,,,,,,,,,,,,,,,,,
PETER FENTON,,,,,,,,,,,,,,,,,,,,,,,,
Philip Halperin,Philip Halperin,ANNUAL,Major Donor,Pending,,3653 Jackson Street,,San Francisco,CA,94118,3653 Jackson Street,,San Francisco,CA,94118,Philip,Halperin,,,,,,,
Plan C San Francisco PAC,,,,,,,,,,,,,,,,,,,,,,,,
Potrero Hill Democratic Club PAC,Potrero Hill Democratic Club PAC,ACTIVE,General Purpose,1332168,,"1459 - 18th Street, #152",,San Francisco,CA,94107,"1459 - 18th Street, #152",,San Francisco,CA,94107,Joni,Eisen,,Jim,Wachob,,,,
Progress for All,Progress for All,TERMINATED,General Purpose,1338720,,"901 Market Street, Suite 480",,San Francisco,CA,94103,"901 Market Street, Suite 480",,San Francisco,CA,94103,Eugene,Lee,,,,,,,
Protect Coit Tower Committee,,,,,,,,,,,,,,,,,,,,,,,,
Protect Coit Tower Committee - Yes on B,Protect Coit Tower Committee - Yes on B,TERMINATED,Primarily Formed Measure,1343614,,P.O. Box 330476,,San Francisco,CA,94133,31 Child Street,,San Francisco,CA,94133,Jon,Golinger,,,,,,,
Protect Our Benefits,Protect Our Benefits,ACTIVE,General Purpose,990028,,P.O. Box 320057,,San Francisco,CA,94132,320 - 23rd Avenue,,San Francisco,CA,94121,George,Lau,,,,,,,
Protect our Benefits,,,,,,,,,,,,,,,,,,,,,,,,
Protect Our Benefits - No on Prop C,,,,,,,,,,,,,,,,,,,,,,,,
Protect Our Rec Centers/ Yes on C,Protect Our Rec Centers/ Yes on C,TERMINATED,Primarily Formed Measure,1322452,,4077 Seventeenth Street,,San Francisco,CA,94114,4077 Seventeenth Street,,San Francisco,CA,94114,Herbert,Cohn,,,,,,,
Ratepayers and Residents for PUC Reform - Yes on E,Ratepayers and Residents for PUC Reform - Yes on E,TERMINATED,Primarily Formed Measure,1306682,,"1427 Lincoln Blvd., Ste. E",,Santa Monica,CA,90401,"1427 Lincoln Blvd., Ste. E",,Santa Monica,CA,90401,Andy,Lim,,,,,,,
Re-Elect Supervisor Eric Mar 2012,Re-Elect Supervisor Eric Mar 2012,TERMINATED,Candidate or Officeholder,1346364,,P.O. Box 77353,,San Francisco,CA,94107,"760 - 7th Avenue, #101",,San Francisco,CA,94118,Andrew,Sinn,,Jen,Kwart,,Eric,Mar,
"REAL SOLUTIONS FOR HOUSING, NO ON PROP. F, A COALITION OF LABOR AND BUSINESS, INCLUDING THE NORTHERN CALIFORNIA CARPENTERS UNION AND LENNAR HOMES OF CALIFORNIA","REAL SOLUTIONS FOR HOUSING, NO ON PROP. F, A COALITION OF LABOR AND BUSINESS, INCLUDING THE NORTHERN CALIFORNIA CARPENTERS UNION AND LENNAR HOMES OF CALIFORNIA",TERMINATED,Primarily Formed Measure,1305925,,"150 Post Street, Suite 405",,San Francisco,CA,94108,239 9th Street,,San Francisco,CA,94103,Bill,Wong,,James,Sutton,,,,
"Rebuilding San Francisco Schools, Yes on Proposition A","Rebuilding San Francisco Schools, Yes on Proposition A",TERMINATED,Primarily Formed Measure,1340175,,"20 Galli Drive, Suite A",,Novato,CA,94949,"660 Mission Street, Suite 200",,San Francisco,CA,94105,David,Sosa,,Nancy,Warren,,,,
Recology,Recology,ANNUAL,Major Donor,Pending,,"50 California Street, 24th Floor",,San Francisco,CA,94111,"50 California Street, 24th Floor",,San Francisco,CA,94111,,,,,,,,,
Reelect Supervisor David Chiu 2012,,,,,,,,,,,,,,,,,,,,,,,,
Republicans United for San Francisco,Republicans United for San Francisco,TERMINATED,General Purpose,1260579,,83 Stanyan Street,,San Francisco,CA,94118,83 Stanyan Street,,San Francisco,CA,94118,Howard,Epstein,,,,,,,
Residential Builders Assn. of S.F. Independent Expenditure Fund,,,,,,,,,,,,,,,,,,,,,,,,
Residential Builders Association of San Francisco Independent Expenditure Fund,Residential Builders Association of San Francisco Independent Expenditure Fund,NONSF,General Purpose,992298,,345 Vermont St - #C,,San Francisco,CA,94103,345 Vermont St - #C,,San Francisco,CA,94103,David,Slosberg,,,,,,,
Residential Builders Association of San Francisco PAC,Residential Builders Association of San Francisco PAC,NONSF,General Purpose,861576,,345 Vermont St - #C,,San Francisco,CA,94103,345 Vermont St - #C,,San Francisco,CA,94103,Richard,Hart,,,,,,,
"Restore Transportation Balance, A Committee in Support of Proposition ____",,,,,,,,,,,,,,,,,,,,,,,,
Retired Firemen and Widows Association of the San Francisco Fire Department Political Action Committee,Retired Firemen and Widows Association of the San Francisco Fire Department Political Action Committee,ACTIVE,General Purpose,990203,,295 Moscow Street,,San Francisco,CA,94112,295 Moscow Street,,San Francisco,CA,94112,Timothy,O'Brien,,,,,,,
Reza J. Mehran,Reza J. Mehran,ANNUAL,Major Donor,Pending,,2331 Bellefontaine Street,,Houston,TX,77030,2331 Bellefontaine Street,,Houston,TX,77030,Charles,Bell,,,,,,,
Richard Beleson,Richard Beleson,ANNUAL,Major Donor,Pending,,849 Union Street,,San Francisco,CA,94133,849 Union Street,,San Francisco,CA,94133,,,,,,,,,
Richmond District Democratic Club,Richmond District Democratic Club,ACTIVE,General Purpose,882390,,"163 - 7th Avenue, #6",,San Francisco,CA,94118,"163 - 7th Avenue, #6",,San Francisco,CA,94118,Sarah,Lauterborn,,Shirley,Hansen,,,,
"RIVERBED TECHNOLOGY, INC.",,,,,,,,,,,,,,,,,,,,,,,,
"Riverbed Technology, Inc.","Riverbed Technology, Inc.",ANNUAL,Major Donor,Pending,,199 Fremont St.,,San Francisco,CA,94105,199 Fremont St.,,San Francisco,CA,94105,,,,,,,,,
ROBERT LESKO,,,,,,,,,,,,,,,,,,,,,,,,
Rodrigo Santos,Rodrigo Santos,ANNUAL,Major Donor,Pending,,2451 Harrison Street,,San Francisco,CA,94110,2451 Harrison Street,,San Francisco,CA,94110,,,,,,,,,
RONALD CONWAY,,,,,,,,,,,,,,,,,,,,,,,,
S. Osborn Erickson,S. Osborn Erickson,ANNUAL,Major Donor,Pending,,"532 Folsom Street, #400",,San Francisco,CA,94105,"532 Folsom Street, #400",,San Francisco,CA,94105,,,,,,,,,
SAMUEL RAWLINGS WALTON,,,,,,,,,,,,,,,,,,,,,,,,
"San Franciscans Against Commercialization - No on C, No on D, Yes on E","San Franciscans Against Commercialization - No on C, No on D, Yes on E",TERMINATED,Primarily Formed Measure,1321564,,"100 Bush Street, Suite 1580",,San Francisco,CA,94104,"100 Bush Street, Suite 1580",,San Francisco,CA,94104,Mary,Prem,,,,,,,
San Franciscans Against Recall Abuse,San Franciscans Against Recall Abuse,TERMINATED,Primarily Formed Measure,1304456,,"584 Castro Street, #414",,San Francisco,CA,94114,"584 Castro Street, #414",,San Francisco,CA,94114,Steven,Mele,,,,,,,
"SAN FRANCISCANS FOR A BETTER MUNI, A COALITION OF MUNI RIDERS, CONCERNED CITIZENS, AND SUPERVISOR SEAN R. ELSBERND",,,,,,,,,,,,,,,,,,,,,,,,
"SAN FRANCISCANS FOR A BETTER MUNI, A COALITION OF MUNI RIDERS, PLAN C SAN FRANCISCO, SAN FRANCISCO COALITION FOR RESPONSIBLE GROWTH, SF FORWARD SPONSORED BY SAN FRANCISCO CHAMBER OF COMMERCE, AND SPUR",,,,,,,,,,,,,,,,,,,,,,,,
"SAN FRANCISCANS FOR A BETTER MUNI, YES ON G, A COALITION OF MUNI RIDERS, PLAN C SAN FRANCISCO, SAN FRANCISCO COALITION FOR RESPONSIBLE GROWTH, SF FORWARD SPONSORED BY SF CHAMBER OF COMMERCE, AND SPUR",,,,,,,,,,,,,,,,,,,,,,,,
"SAN FRANCISCANS FOR A BETTER MUNI, YES ON G, WITH SUPPORT FROM SF FORWARD, PLAN C SAN FRANCISCO, SFAR, COMMITTEE ON JOBS GOVERNMENT REFORM FUND COMMITTEE, SF COALITION FOR RESPONSIBLE GROWTH AND SPUR",,,,,,,,,,,,,,,,,,,,,,,,
"San Franciscans for a Safe and Affordable City, with major funding by San Francisco Police Officers Association PAC and San Francisco Fire Fighters PAC",,,,,,,,,,,,,,,,,,,,,,,,
San Franciscans for Budget Reform: Yes on A,,,,,,,,,,,,,,,,,,,,,,,,
San Franciscans for Budget Reform:Yes on A,San Franciscans for Budget Reform:Yes on A,TERMINATED,Primarily Formed Measure,1321920,,"c/o ML Associates 1427 Lincoln Blvd., Ste. E",,Santa Monica,CA,90401,2069A Mission Street,,San Francisco,CA,94110,David,Mitchell,,Andy,Lim,,,,
"SAN FRANCISCANS FOR CLEAN AND SAFE NEIGHBORHOOD PARKS, WITH MAJOR SUPPORT FROM SAN FRANCISCO PARKS ALLIANCE AND THE TRUST FOR PUBLIC LAND",,,,,,,,,,,,,,,,,,,,,,,,
"SAN FRANCISCANS FOR COMPETITIVE BIDDING supported by: San Francisco Bay Railroad, Quentin Kopp, Tony Kelly, environmentalists, small businesses and San Francisco ratepayers","SAN FRANCISCANS FOR COMPETITIVE BIDDING supported by: San Francisco Bay Railroad, Quentin Kopp, Tony Kelly, environmentalists, small businesses and San Francisco ratepayers",TERMINATED,Primarily Formed Measure,1339394,,"c/o Tony Kelly - 250 Connecticut Street, #6",,San Francisco,CA,94107,"c/o Tony Kelly - 250 Connecticut Street, #6",,San Francisco,CA,94107,Tony,Kelly,,Nancy,Warren,,,,
"SAN FRANCISCANS FOR FAIR TAXES AND BETTER CITY SERVICES, YES ON E, A BROAD COALITION OF SMALL BUSINESSES, LABOR UNIONS, AND TECHNOLOGY COMPANIES","SAN FRANCISCANS FOR FAIR TAXES AND BETTER CITY SERVICES, YES ON E, A BROAD COALITION OF SMALL BUSINESSES, LABOR UNIONS, AND TECHNOLOGY COMPANIES",TERMINATED,Primarily Formed Measure,1349080,,"425 Market Street, 26th Floor",,San Francisco,CA,94105,"425 Market Street, 26th Floor",,San Francisco,CA,94105,Kevin,Heneghan,,,,,,,
"San Franciscans for Fire, Earthquake and Disaster Preparedness, Yes on A","San Franciscans for Fire, Earthquake and Disaster Preparedness, Yes on A",TERMINATED,Primarily Formed Measure,1365442,,"425 Market Street, 26th Floor",,San Francisco,CA,94105,"425 Market Street, 26th Floor",,San Francisco,CA,94105,Kevin,Heneghan,,,,,,,
San Franciscans for Free Wireless Internet Access: Yes on Prop J,San Franciscans for Free Wireless Internet Access: Yes on Prop J,TERMINATED,Primarily Formed Measure,1300936,,"268 Bush Street, #3739",,San Francisco,CA,94104,"268 Bush Street, #3739",,San Francisco,CA,94104,Stacy,Owens,,,,,,,
"SAN FRANCISCANS FOR JOBS AND GOOD GOVERNMENT, SUPPORTING ED LEE FOR MAYOR 2011",,,,,,,,,,,,,,,,,,,,,,,,
"San Franciscans for Laguna Honda, Yes on D","San Franciscans for Laguna Honda, Yes on D",TERMINATED,Primarily Formed Measure,1275391,,"1939 Hayes Street, #8",,San Francisco,CA,94117,"1939 Hayes Street, #8",,San Francisco,CA,94117,Doug,Comstock,,,,,,,
"San Franciscans for Neighborhoods, Affordable Housing & Jobs","San Franciscans for Neighborhoods, Affordable Housing & Jobs",ACTIVE,Primarily Formed Measure,1367243,,8 Seventh Avenue,,San Francisco,CA,94118,8 Seventh Avenue,,San Francisco,CA,94118,Dale,Carlson,,,,,,,
San Franciscans for New Priorities and Dennis Herrera for Mayor 2011,San Franciscans for New Priorities and Dennis Herrera for Mayor 2011,TERMINATED,Primarily Formed Candidate,1342147,,"400 Capitol Mall, Suite 1545",,Sacramento,CA,95814,"400 Capitol Mall, Suite 1545",,Sacramento,CA,95814,Rebecca,Olson,,,,,,,
"SAN FRANCISCANS FOR PARKS, JOBS AND HOUSING, WITH MAJOR SUPPORT FROM PACIFIC WATERFRONT PARTNERS, LLC",,,,,,,,,,,,,,,,,,,,,,,,
"SAN FRANCISCANS FOR PARKS, JOBS AND HOUSING, WITH MAJOR SUPPORT FROM PACIFIC WATERFRONT PARTNERS, LLC, CAHILL CONTRACTORS, INC., BUILDING AND LABOR",,,,,,,,,,,,,,,,,,,,,,,,
"SAN FRANCISCANS FOR PARKS, JOBS AND HOUSING, YES ON B & C, WITH MAJOR SUPPORT FROM PACIFIC WATERFRONT PARTNERS, LLC, CAHILL CONTRACTORS, INC., BUILDING AND LABOR","SAN FRANCISCANS FOR PARKS, JOBS AND HOUSING, YES ON B & C, WITH MAJOR SUPPORT FROM PACIFIC WATERFRONT PARTNERS, LLC, CAHILL CONTRACTORS, INC., BUILDING AND LABOR",TERMINATED,Primarily Formed Measure,1356686,,"425 Market Street, 26th Floor",,San Francisco,CA,94105,"425 Market Street, 26th Floor",,San Francisco,CA,94105,Kevin,Heneghan,,,,,,,
"SAN FRANCISCANS FOR PENSION REFORM Supported by Public Defender Jeff Adachi, George Hume & Michael Moritz",,,,,,,,,,,,,,,,,,,,,,,,
San Franciscans for Preservation Planning,San Franciscans for Preservation Planning,TERMINATED,General Purpose,1257127,,325 Highland Avenue,,San Francisco,CA,94110,325 Highland Avenue,,San Francisco,CA,94110,David,Looman,,,,,,,
"San Franciscans for Safe Streets and Sound Government - a committee for Lee Mayor 2011, Gascon District Attorney 2011 & Cunnie Sheriff 2011","San Franciscans for Safe Streets and Sound Government - a committee for Lee Mayor 2011, Gascon District Attorney 2011 & Cunnie Sheriff 2011",TERMINATED,Primarily Formed Candidate,1341394,,"5325 Elkhorn Blvd., #321",,Sacramento,CA,95842,2451 Harrison Street,,San Francisco,CA,94110,Rodrigo,Santos,,,,,,,
San Franciscans for Smart Planning: Yes on J,San Franciscans for Smart Planning: Yes on J,TERMINATED,Primarily Formed Measure,1311014,,"1427 Lincoln Blvd., Ste. E",,Santa Monica,CA,90401,"1427 Lincoln Blvd., Ste. E",,Santa Monica,CA,90401,Andy,Lim,,,,,,,
San Franciscans for Sunshine,San Franciscans for Sunshine,TERMINATED,General Purpose,1351427,,1939 Hayes St. #8,,San Francisco,CA,94117,1939 Hayes St. #8,,San Francisco,CA,94117,Doug,Comstock,,,,,,,
"SAN FRANCISCANS UNITED FOR PENSION AND HEALTH REFORM, YES ON C, NO ON D, A COALITION OF PUBLIC EMPLOYEES, TAXPAYERS AND BUSINESS GROUPS",,,,,,,,,,,,,,,,,,,,,,,,
"San Franciscans United to Protect Retirees and Taxpayers, Yes on A, a coalition of labor, business and retirees",,,,,,,,,,,,,,,,,,,,,,,,
"San Franciscans United to Protect Retirees and Taxpayers, Yes on A, A Coalition of labor, business and retirees with major support from the San Francisco Police Officers Association Issues PAC","San Franciscans United to Protect Retirees and Taxpayers, Yes on A, A Coalition of labor, business and retirees with major support from the San Francisco Police Officers Association Issues PAC",TERMINATED,Primarily Formed Measure,1359143,,"5940 College Avenue, Suite F",,Oakland,CA,94618,"150 Post Street, Suite 405",,San Francisco,CA,94108,Stacy,Owens,,Henry,Levy,,,,
SAN FRANCISCO ALLIANCE FOR JOBS AND SUSTAINABLE GROWTH PAC,,,,,,,,,,,,,,,,,,,,,,,,
San Francisco Apartment Association PAC sponsored by San Francisco Apartment Assoc.,,,,,,,,,,,,,,,,,,,,,,,,
SAN FRANCISCO APARTMENT ASSOCIATION POLITICAL ACTION COMMITTEE,,,,,,,,,,,,,,,,,,,,,,,,
SAN FRANCISCO APARTMENT ASSOCIATION POLITICAL ACTION COMMITTEE SPONSORED BY THE SAN FRANCISCO APARTMENT ASSOCIATION,SAN FRANCISCO APARTMENT ASSOCIATION POLITICAL ACTION COMMITTEE SPONSORED BY THE SAN FRANCISCO APARTMENT ASSOCIATION,ACTIVE,General Purpose,840002,,265 Ivy Street,,San Francisco,CA,94102,265 Ivy Street,,San Francisco,CA,94102,Janan,New,,,,,,,
SAN FRANCISCO ASSOCIATION OF REALTORS,,,,,,,,,,,,,,,,,,,,,,,,
San Francisco Bay Railroad,,,,,,,,,,,,,,,,,,,,,,,,
San Francisco Building and Construction Trades Council Political Organization of Workers for Employee Rights (POWER PAC),San Francisco Building and Construction Trades Council Political Organization of Workers for Employee Rights (POWER PAC),ACTIVE,General Purpose,1237101,,"555 Capitol Mall, Suite 1425",,Sacramento,CA,95814,"1188 Franklin Street, Suite 203",,San Francisco,CA,94109,Michael,Theriault,,,,,,,
San Francisco Building and Construction Trades Council Political Organization of Workers for Employee Rights Political Issues Committee (POWER PIC),San Francisco Building and Construction Trades Council Political Organization of Workers for Employee Rights Political Issues Committee (POWER PIC),ACTIVE,General Purpose,1286295,,"555 Capitol Mall, Suite 1425",,Sacramento,CA,95814,"1188 Franklin Street, Suite 203",,San Francisco,CA,94109,Michael,Theriault,,,,,,,
SAN FRANCISCO CHAMBER OF COMMERCE 21ST CENTURY COMMITTEE,,,,,,,,,,,,,,,,,,,,,,,,
San Francisco Clean Energy: A Committee in Support of Proposition H,San Francisco Clean Energy: A Committee in Support of Proposition H,TERMINATED,Primarily Formed Measure,1308629,,325 Highland Avenue,,San Francisco,CA,94110,325 Highland Avenue,,San Francisco,CA,94110,David,Looman,,,,,,,
San Francisco Coalition for Responsible Growth - Political Action Committee,San Francisco Coalition for Responsible Growth - Political Action Committee,ACTIVE,General Purpose,1306077,,4153 24th Street,,San Francisco,CA,94114,4153 24th Street,,San Francisco,CA,94114,Luke,O'Brien,,,,,,,
San Francisco Democratic County Central Committee,,,,,,,,,,,,,,,,,,,,,,,,
SAN FRANCISCO DEPUTY SHERIFFS' ASSOCIATION POLITICAL ACTION COMMITTEE,,,,,,,,,,,,,,,,,,,,,,,,
"SAN FRANCISCO EARTHQUAKE AND DISASTER RESPONSE PLAN, YES ON B",,,,,,,,,,,,,,,,,,,,,,,,
San Francisco Economic Recovery Coalition,San Francisco Economic Recovery Coalition,TERMINATED,Primarily Formed Measure,1319504,,"1427 Lincoln Blvd., Ste. E",,Santa Monica,CA,90401,"1427 Lincoln Blvd., Ste. E",,Santa Monica,CA,90401,David,Mitchell,,Andy,Lim,,,,
"SAN FRANCISCO FIRE FIGHTERS LOCAL 798, NO ON B",,,,,,,,,,,,,,,,,,,,,,,,
"SAN FRANCISCO FIRE FIGHTERS LOCAL 798, YES ON C, NO ON D",,,,,,,,,,,,,,,,,,,,,,,,
SAN FRANCISCO GIANTS,,,,,,,,,,,,,,,,,,,,,,,,
San Francisco Housing Fund,,,,,,,,,,,,,,,,,,,,,,,,
San Francisco Housing Fund -- Yes on B,San Francisco Housing Fund -- Yes on B,TERMINATED,Primarily Formed Measure,1306922,,280 Turk Street,,San Francisco,CA,94102,280 Turk Street,,San Francisco,CA,94102,Dale,Carlson,,Murry,Richard,,,,
SAN FRANCISCO LABOR & NEIGHBOR MEMBER EDU./POLITICAL ISSUES COMMITTEE,,,,,,,,,,,,,,,,,,,,,,,,
SAN FRANCISCO LABOR & NEIGHBOR MEMBER EDUCATION./POLITICAL ISSUES COMMITTEE,,,,,,,,,,,,,,,,,,,,,,,,
SAN FRANCISCO LABOR & NEIGHBOR MEMBER EDUCATION/POLITICAL ISSUES COMMITTEE,,,,,,,,,,,,,,,,,,,,,,,,
"SAN FRANCISCO LABOR & NEIGHBOR MEMBER EDUCATION/POLITICAL ISSUES COMMITTEE, sponsored by the San Francisco Labor Council",,,,,,,,,,,,,,,,,,,,,,,,
SAN FRANCISCO LABOR COUNCIL LABOR & NEIGHBOR,,,,,,,,,,,,,,,,,,,,,,,,
SAN FRANCISCO LABOR COUNCIL LABOR & NEIGHBOR INDEPENDENT EXPENDITURE POLITICAL ACTION COMMITTEE,,,,,,,,,,,,,,,,,,,,,,,,
SAN FRANCISCO LABOR COUNCIL LABOR & NEIGHBOR PAC,,,,,,,,,,,,,,,,,,,,,,,,
San Francisco Late Night Coalition (SFLNC),San Francisco Late Night Coalition (SFLNC),ACTIVE,General Purpose,991861,,985 Folsom Street,,San Francisco,CA,94107,985 Folsom Street,,San Francisco,CA,94107,John,Wood,,Terrance,Alan,,,,
San Francisco Municipal Executives' Association PAC,San Francisco Municipal Executives' Association PAC,ACTIVE,General Purpose,1271203,,"555 Capitol Mall, Suite 1425",,Sacramento,CA,95814,"870 Market Street, Suite 840",,San Francisco,CA,94102,Rebecca,Rhine,,,,,,,
SAN FRANCISCO PARENT POLITICAL ACTION COMMITTEE,,,,,,,,,,,,,,,,,,,,,,,,
SAN FRANCISCO PARKS ALLIANCE,,,,,,,,,,,,,,,,,,,,,,,,
San Francisco Police Officers Association Independent Expenditure Committee,San Francisco Police Officers Association Independent Expenditure Committee,ACTIVE,General Purpose,1318539,,"555 Capitol Mall, Suite 1425",,Sacramento,CA,95814,"800 Bryant Street, 2nd Floor",,San Francisco,CA,94103,Joe,Valdez,,Martin,Halloran,,,,
San Francisco Police Officers Association Issues PAC,San Francisco Police Officers Association Issues PAC,ACTIVE,General Purpose,1317554,,"555 Capitol Mall, Suite 1425",,Sacramento,CA,95814,"800 Bryant Street, 2nd Floor",,San Francisco,CA,94103,Joe,Valdez,,Martin,Halloran,,,,
San Francisco Republican Assembly,San Francisco Republican Assembly,TERMINATED,General Purpose,1306633,,23 Annapolis Terrace,,San Francisco,CA,94118,23 Annapolis Terrace,,San Francisco,CA,94118,Barbara,Kiley,,Joan,Leone,,,,
San Francisco Rising Action Fund Committee,San Francisco Rising Action Fund Committee,ACTIVE,General Purpose,1340799,,114 Crescent Avenue,,San Francisco,CA,94110,114 Crescent Avenue,,San Francisco,CA,94110,Adam,Gold,,Rebecca,Olson,,,,
San Francisco Rising Committee,,,,,,,,,,,,,,,,,,,,,,,,
"San Francisco Rising Committee to support SF measures D, E, I, J, N, and opposing SF measures B, G, K and L, a coalition of community organizing groups working for low-income people of color in SF","San Francisco Rising Committee to support SF measures D, E, I, J, N, and opposing SF measures B, G, K and L, a coalition of community organizing groups working for low-income people of color in SF",TERMINATED,Primarily Formed Measure,1332532,,"5325 Elkhorn Blvd., Suite 321",,Sacramento,CA,95842,"2301 Mission Street, Suite #201",,San Francisco,CA,94110,Shawnda,Deane,,Adam,Gold,,,,
San Francisco Sheriffs Managers and Supervisors Political Action Committee,San Francisco Sheriffs Managers and Supervisors Political Action Committee,ACTIVE,General Purpose,1342256,,"20 Galli Drive, Suite A",,Novato,CA,94949,425 7th Street,,San Francisco,CA,94103,Lisette,Adams,,Nancy,Warren,,,,
San Francisco Small Business Advocates,San Francisco Small Business Advocates,TERMINATED,General Purpose,1226595,,325 Highland Avenue,,San Francisco,CA,94110,325 Highland Avenue,,San Francisco,CA,94110,David,Looman,,,,,,,
San Francisco Taxpayers Association,San Francisco Taxpayers Association,ACTIVE,General Purpose,921622,,495 Linden Avenue,,San Bruno,CA,94066,495 Linden Avenue,,San Bruno,CA,94066,David,Slosberg,,,,,,,
San Francisco Taxpayers Union Political Action Committee,San Francisco Taxpayers Union Political Action Committee,TERMINATED,General Purpose,1280589,,265 Ivy Street,,San Francisco,CA,94102,265 Ivy Street,,San Francisco,CA,94102,Janan,New,,Kevin,Heneghan,,,,
SAN FRANCISCO TAXPAYERS UNION POLITICAL ACTION COMMITTEE,,,,,,,,,,,,,,,,,,,,,,,,
San Francisco Tenants Union,San Francisco Tenants Union,ANNUAL,Independent Expenditure,Pending,,558 Capp Street,,San Francisco,CA,94110,558 Capp Street,,San Francisco,CA,94110,Ted,Gullicksen,,,,,,,
San Francisco Tenants Union,San Francisco Tenants Union,ANNUAL,Independent Expenditure,Pending,,558 Capp Street,,San Francisco,CA,94110,558 Capp Street,,San Francisco,CA,94110,Ted,Gullicksen,,,,,,,
"SAN FRANCISCO WATERFRONT PARTNERS II, LLC","SAN FRANCISCO WATERFRONT PARTNERS II, LLC",ANNUAL,Independent Expenditure,Pending,,"Pier 1, Bay 2",,San Francisco,CA,94111,"Pier 1, Bay 2",,San Francisco,CA,94111,Kevin,Heneghan,,,,,,,
SAN FRANCISCO WOMEN FOR ACCOUNTABILITY AND A RESPONSIBLE SUPERVISOR OPPOSING CHRISTINA OLAGUE 2012,SAN FRANCISCO WOMEN FOR ACCOUNTABILITY AND A RESPONSIBLE SUPERVISOR OPPOSING CHRISTINA OLAGUE 2012,TERMINATED,Primarily Formed Candidate,1353184,,"425 Market Street, 26th Floor",,San Francisco,CA,94105,"425 Market Street, 26th Floor",,San Francisco,CA,94105,Kevin,Heneghan,,,,,,,
San Francisco Women's Political Committee,San Francisco Women's Political Committee,ACTIVE,General Purpose,1243711,,P.O. Box 420164,,San Francisco,CA,94142,"281 14th St., #18",,San Francisco,CA,94122,Annie,Chou,,,,,,,
SAN FRANCISCO WOMEN'S POLITICAL COMMITTEE,,,,,,,,,,,,,,,,,,,,,,,,
San Francisco Young Democrats,San Francisco Young Democrats,ACTIVE,General Purpose,961946,,"2370 Market Street, #107",,San Francisco,CA,94114,"2370 Market Street, #107",,San Francisco,CA,94114,Mathew,Herrick,,Bryan,La Dow,,,,
Sara Morishige Williams,Sara Morishige Williams,ANNUAL,Major Donor,Pending,,"760 Market Street, 3rd Floor",,San Francisco,CA,94103,"760 Market Street, 3rd Floor",,San Francisco,CA,94103,,,,,,,,,
"SAVE 911, NO NEW TAXES, YES ON O","SAVE 911, NO NEW TAXES, YES ON O",TERMINATED,Primarily Formed Measure,1309047,,"150 Post Street, Suite 405",,San Francisco,CA,94108,"150 Post Street, Suite 405",,San Francisco,CA,94108,Kevin,Heneghan,,James,Sutton,,,,
SAVE HETCH HETCHY,,,,,,,,,,,,,,,,,,,,,,,,
"SAVE HETCH HETCHY, NO ON F, A COALITION OF BUSINESS, LABOR AND TAXPAYERS, WITH MAJOR FUNDING BY THE SAN FRANCISCO FOUNDATION AND THE BAY AREA COUNCIL",,,,,,,,,,,,,,,,,,,,,,,,
"SAVE HETCH HETCHY, NO ON F, A COALITION OF BUSINESS, LABOR AND TAXPAYERS, WITH MAJOR FUNDING BY THE SAN FRANCISCO FOUNDATION, DIGNITY HEALTH, AND THE BAY AREA COUNCIL","SAVE HETCH HETCHY, NO ON F, A COALITION OF BUSINESS, LABOR AND TAXPAYERS, WITH MAJOR FUNDING BY THE SAN FRANCISCO FOUNDATION, DIGNITY HEALTH, AND THE BAY AREA COUNCIL",TERMINATED,Primarily Formed Measure,1347286,,"425 Market Street, 26th Floor",,San Francisco,CA,94105,"425 Market Street, 26th Floor",,San Francisco,CA,94105,Vince,Courtney,,Kevin,Heneghan,,,,
Sean Parker,Sean Parker,ANNUAL,Major Donor,1336059,,"555 Capitol Mall, Suite 1425",,Sacramento,CA,95814,"555 Capitol Mall, Suite 1425",,Sacramento,CA,95814,,,,,,,,,
SEIU United Healthcare Workers West Political Issues Committee,SEIU United Healthcare Workers West Political Issues Committee,NONSF,General Purpose,991800,,"555 Capitol Mall, Suite 1425",,Sacramento,CA,95814,560 Thomas L. Berkeley Way,,Oakland,CA,94612,Rebecca,Malberg,,,,,,,
SEIU United Healthcare Workers West Political Issues Committee - Yes on Measure G,,,,,,,,,,,,,,,,,,,,,,,,
Service Employees International Union Local 1021 Issues PAC,Service Employees International Union Local 1021 Issues PAC,NONSF,General Purpose,1296947,,"555 Capitol Mall, Suite 1425",,Sacramento,CA,95814,447 29th Street,,Oakland,CA,94609,Paul,Camarillo,,Roxanne,Sanchez,,,,
SF FORWARD SPONSORED BY SAN FRANCISCO CHAMBER OF COMMERCE,,,,,,,,,,,,,,,,,,,,,,,,
SF Moderates,SF Moderates,ACTIVE,General Purpose,1245538,,P.O. Box 26286,,San Francisco,CA,94126,"C/o Brian Hecktman, 222 Kearny Street, Suite 600",,San Francisco,CA,94108,Brian,Hecktman,,Stacy,Owens,,,,
SF Neighbor Alliance for Ed Lee for Mayor 2011,SF Neighbor Alliance for Ed Lee for Mayor 2011,ACTIVE,Primarily Formed Candidate,1341302,,"237 Kearny Street, #340",,San Francisco,CA,94108,"237 Kearny Street, #340",,San Francisco,CA,94108,Wendell,Lin,,,,,,,
SF Neighborhood Alliance for Ed Lee for Mayor 2011,,,,,,,,,,,,,,,,,,,,,,,,
SF SOS PAC,SF SOS PAC,TERMINATED,General Purpose,1248619,,"381 Bush Street, Suite 300",,San Francisco,CA,94104,"381 Bush Street, Suite 300",,San Francisco,CA,94104,Wade,Randlett,,,,,,,
Shamann Walton for School Board 2014,Shamann Walton for School Board 2014,ACTIVE,Candidate or Officeholder,1362066,,"300 Montgomery Street, Suite 789",,San Francisco,CA,94104,"300 Montgomery Street, Suite 789",,San Francisco,CA,94104,Andrew,Sinn,,,,,Shamann,Walton,
Sidewalks Are For People - A Committee Opposed to Proposition L,Sidewalks Are For People - A Committee Opposed to Proposition L,TERMINATED,Primarily Formed Measure,1328619,,325 Highland Avenue,,San Francisco,CA,94110,325 Highland Avenue,,San Francisco,CA,94110,David,Looman,,,,,,,
Sierra Club S.F. Bay Chapter Campaigns,Sierra Club S.F. Bay Chapter Campaigns,NONSF,General Purpose,1239281,,"2530 San Pablo Avenue, Suite I",,Berkeley,CA,94702,"2530 San Pablo Avenue, Suite I",,Berkeley,CA,94702,Stacy,Owens,,Henry,Levy,,,,
"Sierra Club, SF Bay Chapter Against B&C, sponsored by No Wall on the Northeast Waterfront, No on B&C (see attachment for full committee name).","Sierra Club, SF Bay Chapter Against B&C, sponsored by No Wall on the Northeast Waterfront, No on B&C (see attachment for full committee name).",TERMINATED,Primarily Formed Measure,1361187,,"2530 San Pablo Avenue, Suite I",,Berkeley,CA,94702,"2530 San Pablo Avenue, Suite I",,Berkeley,CA,94702,Stacy,Owens,,Deirdre,Ashby,,,,
SKIDMORE OWINGS & MERRILL LLP,,,,,,,,,,,,,,,,,,,,,,,,
Small Property Owners of San Francisco 2010 Candidate Support Committee,Small Property Owners of San Francisco 2010 Candidate Support Committee,TERMINATED,General Purpose,1327043,,P.O. Box 170669,,San Francisco,CA,94117,1929 Ellis Street,,San Francisco,CA,94115,David,Fix,,,,,,,
SPLUNK INC.,,,,,,,,,,,,,,,,,,,,,,,,
"STANDING UP FOR WORKING FAMILIES, A COALITION OF TEACHERS, NURSES, FIREFIGHTERS, PUBLIC EMPLOYEES AND HEALTH CARE ADVOCATES","STANDING UP FOR WORKING FAMILIES, A COALITION OF TEACHERS, NURSES, FIREFIGHTERS, PUBLIC EMPLOYEES AND HEALTH CARE ADVOCATES",ACTIVE,General Purpose,1329001,,"150 Post Street, Suite 405",,San Francisco,CA,94108,"150 Post Street, Suite 405",,San Francisco,CA,94108,Bob,Muscat,,James,Sutton,,,,
"STANDING UP FOR WORKING FAMILIES, NO ON B, A COALITION OF TEACHERS, NURSES, FIREFIGHTERS, PUBLIC EMPLOYEES AND HEALTH CARE ADVOCATES",,,,,,,,,,,,,,,,,,,,,,,,
"STANDING UP FOR WORKING FAMILIES, YES ON C, NO ON D, A COALITION OF TEACHERS, NURSES, FIREFIGHTERS, PUBLIC EMPLOYEES AND HEALTH CARE ADVOCATES",,,,,,,,,,,,,,,,,,,,,,,,
"Standing up to Save San Francisco - No on Measures B and K / Yes on Measures J and N, a coalition of Teachers, Nurses, Public School Parents and Labor Organizations","Standing up to Save San Francisco - No on Measures B and K / Yes on Measures J and N, a coalition of Teachers, Nurses, Public School Parents and Labor Organizations",TERMINATED,Primarily Formed Measure,1329703,,"555 Capitol Mall, Suite 1425",,Sacramento,CA,95814,"1188 Franklin Street, Suite 203",,San Francisco,CA,94109,Tim,Paulson,,Hang,To,,,,
"Stephen D. Bechtel, Jr.","Stephen D. Bechtel, Jr.",ANNUAL,Major Donor,1243254,,PO Box 193809,,San Francisco,CA,94119,"199 Fremont Street, 22nd Floor",,San Francisco,CA,94105,,,,,,,,,
STEPHEN GRAND,STEPHEN GRAND,ANNUAL,Major Donor,1337355,,"2000 Washington Street, #7",,San Francisco,CA,94108,"2000 Washington Street, #7",,San Francisco,CA,94108,,,,,,,,,
Stewart,,,,,,,,,,,,,,,,,,,,,,,,
Students First,,,,,,,,,,,,,,,,,,,,,,,,
Students First - Yes on H,Students First - Yes on H,TERMINATED,Primarily Formed Measure,1326084,,423 - 33rd. Avenue,,San Francisco,CA,94121,423 - 33rd. Avenue,,San Francisco,CA,94121,Tami,Aviles,,,,,,,
Sunset Parkside Democratic Club,Sunset Parkside Democratic Club,TERMINATED,General Purpose,1250148,,38 Homestead Street,,San Francisco,CA,94114,38 Homestead Street,,San Francisco,CA,94114,Ronald,Jin,,,,,,,
Support Drafting Ed Lee for SF Mayor 2011,Support Drafting Ed Lee for SF Mayor 2011,TERMINATED,Primarily Formed Candidate,1339973,,"1626 Pierce Street, #414",,San Francisco,CA,94115,"1626 Pierce Street, #414",,San Francisco,CA,94115,Michael,Breyer,,,,,,,
Support Our Children Our City Fund,,,,,,,,,,,,,,,,,,,,,,,,
"Support Quality Neighborhood Schools for All - Yes on H, Supported by Entrepreneur Joanna Rees and Education Reform Advocates",,,,,,,,,,,,,,,,,,,,,,,,
SUTTON LAW FIRM AND AFFILIATED CONTRIBUTOR,,,,,,,,,,,,,,,,,,,,,,,,
"Teachers, Firefighters and Neighbors Supporting F.X. Crowley for Supervisor 2012. Sponsored by San Francisco Labor Council","Teachers, Firefighters and Neighbors Supporting F.X. Crowley for Supervisor 2012. Sponsored by San Francisco Labor Council",TERMINATED,Primarily Formed Candidate,1351799,,1188 Franklin Street,,San Francisco,CA,94109,1188 Franklin Street,,San Francisco,CA,94109,Tim,Paulson,,Rita,Copeland,,,,
"Teachers, Nurses and Neighbors Supporting Christina Olague for Supervisor 2012. Sponsored by San Francisco Labor Council","Teachers, Nurses and Neighbors Supporting Christina Olague for Supervisor 2012. Sponsored by San Francisco Labor Council",TERMINATED,Primarily Formed Candidate,1351803,,1188 Franklin Street,,San Francisco,CA,94109,1188 Franklin Street,,San Francisco,CA,94109,Tim,Paulson,,Rita,Copeland,,,,
"Teachers, Nurses and Neighbors supporting Eric Mar for Supervisor 2012. Sponsored by San Francisco Labor Council","Teachers, Nurses and Neighbors supporting Eric Mar for Supervisor 2012. Sponsored by San Francisco Labor Council",TERMINATED,Primarily Formed Candidate,1351281,,"1188 Franklin Street, Suite 203",,San Francisco,CA,94109,"1188 Franklin Street, Suite 203",,San Francisco,CA,94109,Tim,Paulson,,Stacy,Owens,,,,
"Teachers, Nurses, Muni riders, neighbors and working families supporting Mandelman for Supervisor 2010 sponsored by labor organizations","Teachers, Nurses, Muni riders, neighbors and working families supporting Mandelman for Supervisor 2010 sponsored by labor organizations",TERMINATED,Primarily Formed Candidate,1331561,,"555 Capitol Mall, Suite 1425",,Sacramento,CA,95814,"1188 Franklin Street, Suite 203",,San Francisco,CA,94103,Tim,Paulson,,Hang,To,,,,
"Tenants Against Harrassment, A Committee To Stop Tenant Harassment and For Proposition M","Tenants Against Harrassment, A Committee To Stop Tenant Harassment and For Proposition M",TERMINATED,Primarily Formed Measure,1310178,,558 Capp Street,,San Francisco,CA,94110,558 Capp Street,,San Francisco,CA,94110,Ted,Gullicksen,,,,,,,
"Tenants For Fair Rents, A Committee To Support Proposition F","Tenants For Fair Rents, A Committee To Support Proposition F",TERMINATED,Primarily Formed Measure,1325816,,558 Capp Street,,San Francisco,CA,94110,558 Capp Street,,San Francisco,CA,94110,Ted,Gullicksen,,,,,,,
The Boldt Company,The Boldt Company,ANNUAL,Major Donor,Pending,,2150 River Plaza Dr. Suite 255,,Sacramento,CA,95833,2150 River Plaza Dr. Suite 255,,Sacramento,CA,95833,,,,,,,,,
"The Committee on Fair Drug Pricing - FAIR/SF - Yes on D, Major Funding by the AIDS Healthcare Foundation",,,,,,,,,,,,,,,,,,,,,,,,
"The Committee on Fair Drug Pricing - FAIR/SF, Major Funding by the AIDS Healthcare Foundation",,,,,,,,,,,,,,,,,,,,,,,,
"THE COMMITTEE ON FAIR DRUG PRICING -FAIR/SF - YES ON D, MAJOR FUNDING BY AIDS HEALTHCARE FOUNDATION",,,,,,,,,,,,,,,,,,,,,,,,
The Committee to End the War in Iraq: A Committee in Support of Proposition U,The Committee to End the War in Iraq: A Committee in Support of Proposition U,TERMINATED,Primarily Formed Measure,1309075,,325 Highland Avenue,,San Francisco,CA,94110,325 Highland Avenue,,San Francisco,CA,94110,David,Looman,,,,,,,
THE MUNICIPAL ATTORNEYS ASSOCIATION,THE MUNICIPAL ATTORNEYS ASSOCIATION,ACTIVE,General Purpose,1361629,,"150 Post Street, Suite 405",,San Francisco,CA,94108,"150 Post Street, Suite 405",,San Francisco,CA,94108,Doug,Welch,,,,,,,
"THE MUNICIPAL ATTORNEYS ASSOCIATION, NO ON B",,,,,,,,,,,,,,,,,,,,,,,,
"THE MUNICIPAL ATTORNEYS ASSOCIATION, YES ON C, NO ON D",,,,,,,,,,,,,,,,,,,,,,,,
The San Francisco Foundation,,,,,,,,,,,,,,,,,,,,,,,,
The Shaw Group Inc.,The Shaw Group Inc.,ANNUAL,Major Donor,Pending,,4171 Essen Lane,,Baton Rouge,LA,70809,4171 Essen Lane,,Baton Rouge,LA,70809,,,,,,,,,
The Trust for Public Land,The Trust for Public Land,ANNUAL,Major Donor,487127,PEN1443,"101 Montgomery Street, Suite 900",,San Francisco,CA,94104,"101 Montgomery Street, Suite 900",,San Francisco,CA,94104,,,,,,,,,
"THEY ARE AT IT AGAIN COMMITTEE, NO ON B","THEY ARE AT IT AGAIN COMMITTEE, NO ON B",TERMINATED,Primarily Formed Measure,1308345,,"150 Post Street, Suite 405",,San Francisco,CA,94108,"150 Post Street, Suite 405",,San Francisco,CA,94108,Janis,Crum,,Kevin,Heneghan,,,,
This Land is Your Land,This Land is Your Land,TERMINATED,General Purpose,1346968,,325 Highland Ave.,,San Francisco,CA,94110,325 Highland Ave.,,San Francisco,CA,94110,David,Looman,,,,,,,
THOMAS COATES,,,,,,,,,,,,,,,,,,,,,,,,
Thomas W. Weisel,Thomas W. Weisel,ANNUAL,Major Donor,494214,,"One Montgomery Street, Suite 3700",,San Francisco,CA,94104,"One Montgomery Street, Suite 3700",,San Francisco,CA,94104,,,,,,,,,
Transport Workers Union Local 250A COPE Fund,Transport Workers Union Local 250A COPE Fund,ACTIVE,General Purpose,1367704,,"1508 Fillmore Street, Suite 211",,San Francisco,CA,94115,"1508 Fillmore Street, Suite 211",,San Francisco,CA,94115,Terence,Hall,,,,,,,
Trinet Group Inc,Trinet Group Inc,ANNUAL,Major Donor,Pending,,"1100 San Leandro, Suite 400",,San Leandro,CA,94577,"1100 San Leandro, Suite 400",,San Leandro,CA,94577,,,,,,,,,
"Truth on Prop H - Concerned Citizens Against Prop H, Sponsored by: Small Property Owners of San Francisco","Truth on Prop H - Concerned Citizens Against Prop H, Sponsored by: Small Property Owners of San Francisco",TERMINATED,Primarily Formed Measure,1292084,,P.O. Box 170669,,San Francisco,CA,94117,"575 Market Street, #2000",,San Francisco,CA,94105,Henry,Levy,,Stacy,Owens,,,,
U A LOCAL 38 COPE FUND,,,,,,,,,,,,,,,,,,,,,,,,
"U.S. Freight Systems, Inc.","U.S. Freight Systems, Inc.",ANNUAL,Major Donor,Pending,,1819 10th Street,,Oakland,CA,94607,1819 10th Street,,Oakland,CA,94607,,,,,,,,,
UNITE HERE LOCAL 2 PAC,UNITE HERE LOCAL 2 PAC,ACTIVE,General Purpose,1243324,,209 Golden Gate Avenue,,San Francisco,CA,94102,209 Golden Gate Avenue,,San Francisco,CA,94102,Lamoin,Werlein-Jaen,,Ian,Lewis,,,,
Urban West Construction Inc.,Urban West Construction Inc.,ANNUAL,Major Donor,Pending,,263 Golden Gate Avenue,,San Francisco,CA,94102,263 Golden Gate Avenue,,San Francisco,CA,94102,,,,,,,,,
Warfield Theater,Warfield Theater,ANNUAL,Major Donor,,,"988 Market Street, #800",,San Francisco,CA,94102,"988 Market Street, #800",,San Francisco,CA,94102,,,,,,,,,
WEBCOR BUILDERS,,,,,,,,,,,,,,,,,,,,,,,,
WELLS FARGO & COMPANY AND AFFILIATED ENTITIES,,,,,,,,,,,,,,,,,,,,,,,,
WELLS FARGO AND COMPANY AND AFFILIATED ENTITIES,,,,,,,,,,,,,,,,,,,,,,,,
Westside Chinese Democratic Club,Westside Chinese Democratic Club,ACTIVE,General Purpose,1239601,,"1032 Irving Street, #101",,San Francisco,CA,94122,2009 14th Avenue,,San Francisco,CA,94116,Fiona,Ma,,,,,,,
Why Tuesday San Francisco,,,,,,,,,,,,,,,,,,,,,,,,
Why Tuesday San Francisco - Yes on I 2010,Why Tuesday San Francisco - Yes on I 2010,TERMINATED,Primarily Formed Measure,1323880,,"20 Galli Drive, Suite A",,Novato,CA,94949,234 Ritch Street,,San Francisco,CA,94107,James,Sutton,,Nancy,Warren,,,,
"Williams-Sonoma, Inc.","Williams-Sonoma, Inc.",ANNUAL,Major Donor,499432,PEN1074,3250 Van Ness Avenue,,San Francisco,CA,94109,3250 Van Ness Avenue,,San Francisco,CA,94109,,,,,,,,,
Xiaodan Zhou,Xiaodan Zhou,ANNUAL,Major Donor,Pending,,"250 Baldwin Avenue, #702",,San Mateo,CA,94401,"250 Baldwin Avenue, #702",,San Mateo,CA,94401,,,,,,,,,
Yerba Buena Neighborhood Consortium,Yerba Buena Neighborhood Consortium,ANNUAL,Major Donor,Pending,,230 4th Street,,San Francisco,CA,94103,230 4th Street,,San Francisco,CA,94103,,,,,,,,,
"Yes on A -- a coalition of MUNI riders, environmentalists, labor and Supervisor Aaron Peskin",,,,,,,,,,,,,,,,,,,,,,,,
"Yes on A, Fix Our Parks. A Project of The Conservation Campaign.","Yes on A, Fix Our Parks. A Project of The Conservation Campaign.",TERMINATED,Primarily Formed Measure,1302531,,PO Box 192685,,San Francisco,CA,94119-2685,"185 Berry Street, Suite 1590",,San Francisco,CA,94107,Rachel,Dinno,,,,,,,
"Yes on A, Fix Our Parks. A Project of The Conservation Campaign. Major Funding by San Francisco Parks Trust",,,,,,,,,,,,,,,,,,,,,,,,
"YES ON B, SAN FRANCISCANS FOR CLEAN AND SAFE NEIGHBORHOOD PARKS, WITH MAJOR SUPPORT FROM SAN FRANCISCO PARKS ALLIANCE, RON CONWAY AND THE TRUST FOR PUBLIC LAND","YES ON B, SAN FRANCISCANS FOR CLEAN AND SAFE NEIGHBORHOOD PARKS, WITH MAJOR SUPPORT FROM SAN FRANCISCO PARKS ALLIANCE, RON CONWAY AND THE TRUST FOR PUBLIC LAND",TERMINATED,Primarily Formed Measure,1348191,,"150 Post Street, Suite 405",,San Francisco,CA,94108,"150 Post Street, Suite 405",,San Francisco,CA,94108,James,Sutton,,,,,,,
"Yes on C, Alcatraz Conversion Project","Yes on C, Alcatraz Conversion Project",TERMINATED,Primarily Formed Measure,1302041,,20 Sunnyside A156,,Mill Valley,CA,94941,20 Sunnyside A156,,Mill Valley,CA,94941,Da,Vid,,,,,,,
"Yes on E, San Franciscans for Ballot Measure Reform, Supported by Supervisor Scott Wiener","Yes on E, San Franciscans for Ballot Measure Reform, Supported by Supervisor Scott Wiener",TERMINATED,Primarily Formed Measure,1340708,,"4096 - 17th Street, #207",,San Francisco,CA,94114,"4096 - 17th Street, #207",,San Francisco,CA,94114,Stacy,Owens,,Henry,Levy,,,,
"Yes on K, Committee United for Safety and Protection","Yes on K, Committee United for Safety and Protection",TERMINATED,Primarily Formed Measure,1304971,,"2215 Market Street, #548",,San Francisco,CA,94114,690 Geary Street #6,,San Francisco,CA,94102,Madelyn,Roderigues,,Maxine,Doogan,,,,
Yes on Measure A 2010,Yes on Measure A 2010,TERMINATED,Primarily Formed Measure,1331012,,"2261 Market Street, #319",,San Francisco,CA,94114,"2261 Market Street, #319",,San Francisco,CA,94114,Nancy,Warren,,,,,,,
Yes on Measure B for Safer San Francisco Streets - San Francisco Police Officers Association,Yes on Measure B for Safer San Francisco Streets - San Francisco Police Officers Association,TERMINATED,Primarily Formed Measure,1302887,PEN1437,3711 Nineteenth Avenue,,San Francisco,CA,94132,3711 Nineteenth Avenue,,San Francisco,CA,94132,Martin,Halloran,,,,,,,
Yes on Measure H 2010,Yes on Measure H 2010,TERMINATED,Primarily Formed Measure,1331010,,"2261 Market Street, #319",,San Francisco,CA,94114,"2261 Market Street, #319",,San Francisco,CA,94114,Nancy,Warren,,,,,,,
Yes on Prop A - Committee for Safe Schools,Yes on Prop A - Committee for Safe Schools,TERMINATED,Primarily Formed Measure,1326574,,"44 Montgomery Street, Suite 2310",,San Francisco,CA,94104,"44 Montgomery Street, Suite 2310",,San Francisco,CA,94104,Graham,Brandt,,,,,,,
"YES ON PROP B PENSION & BENEFITS REFORM, Supported by Public Defender Jeff Adachi, Harriet Heyman, Michael Moritz and Warren Hellman.",,,,,,,,,,,,,,,,,,,,,,,,
Yes on Prop D,Yes on Prop D,TERMINATED,Primarily Formed Measure,1330262,,"44 Montgomery Street, #2310",,San Francisco,CA,94104,"44 Montgomery Street, #2310",,San Francisco,CA,94104,Dana,Rivera,,,,,,,
Yes on Prop K. ORG,Yes on Prop K. ORG,TERMINATED,Primarily Formed Measure,1312067,,P.O Box 210256,,San Francisco,CA,94121,"3267 Hollis Street, #7",,Oakland,CA,94608,Stacey,Means,,,,,,,
"Yes on Proposition A, Let's Rebuild San Francisco's Schools funded in part by a Citizen interested in improving education in San Francisco public schools","Yes on Proposition A, Let's Rebuild San Francisco's Schools funded in part by a Citizen interested in improving education in San Francisco public schools",TERMINATED,Primarily Formed Measure,1290214,,"101 Montgomery Street, Suite 1900",,San Francisco,CA,94104,"101 Montgomery Street, Suite 1900",,San Francisco,CA,94104,Philip,Halperin,,Raquel,Hernandez,,,,
"YES ON PROPOSITION B, supported by Public Defender Jeff Adachi, author Harriet Heyman, business investors Michael Moritz & Warren Hellman, Basic American Goods executives(Complete Name See Form 410)",,,,,,,,,,,,,,,,,,,,,,,,
"Yes on Proposition D, supported by Public Defender Jeff Adachi, Basic American Foods executive George Hume & business investor Michael Moritz","Yes on Proposition D, supported by Public Defender Jeff Adachi, Basic American Foods executive George Hume & business investor Michael Moritz",TERMINATED,Primarily Formed Measure,1336704,,P.O. Box 77313,,San Francisco,CA,94107,602 Third Street,,San Francisco,CA,94107,Craig,Weber,,,,,,,
Yes on Proposition G 2011 (see additional page for full committe name),,,,,,,,,,,,,,,,,,,,,,,,
"Yes on Proposition G 2011, a Committee in Support of Public Safety, Children, and Seniors, Supported by SEIU United Healthcare Workers West Political Issues Committee",,,,,,,,,,,,,,,,,,,,,,,,
Yes on Proposition G San Francisco,Yes on Proposition G San Francisco,TERMINATED,Primarily Formed Measure,1311102,,191 15th Avenue,,San Francisco,CA,94118,191 15th Avenue,,San Francisco,CA,94118,Reno,Rapagnani,,Belinda,Kerr,,,,
"Yosemite Restoration Campaign - Yes on F, sponsored by Restore Hetch Hetchy","Yosemite Restoration Campaign - Yes on F, sponsored by Restore Hetch Hetchy",TERMINATED,Primarily Formed Measure,1345756,,"555 Capitol Mall, Suite 1425",,Sacramento,CA,95814,"555 Capitol Mall, Suite 1425",,Sacramento,CA,95814,Michael,Marshall,,,,,,,
"Yosemite Restoration Campaign, sponsored by Restore Hetch Hetchy",,,,,,,,,,,,,,,,,,,,,,,,
